,Group,Year,EC votes,Votes counted,Votes counted normalized,Votes counted %,EC votes normalized,Population per EC vote,Average weight,State count,States in group
0,Midwest,1828,27.0,196135,119642.0,17.08,44.59,7264.0,0.61,4,"IL,IN,MO,OH"
1,Northeast,1828,123.0,642454,539661.0,55.96,146.05,5223.0,0.84,9,"CT,ME,MA,NH,NJ,NY,PA,RI,VT"
2,South,1828,97.0,309429,427012.0,26.95,70.34,3190.0,1.38,9,"AL,GA,KY,LA,MD,MS,NC,TN,VA"
3,West,1828,0.0,0,0.0,0.0,0.0,0.0,0.0,0,
4,Midwest,1832,39.0,231990,173992.0,18.17,52.33,5948.0,0.75,4,"IL,IN,MO,OH"
5,Northeast,1832,130.0,773253,579940.0,60.57,174.43,5948.0,0.75,9,"CT,ME,MA,NH,NJ,NY,PA,RI,VT"
6,South,1832,108.0,278477,478980.0,21.81,62.82,2578.0,1.72,10,"AL,DE,GA,KY,LA,MD,MS,NC,TN,VA"
7,West,1832,0.0,0,0.0,0.0,0.0,0.0,0.0,0,
8,Midwest,1836,42.0,340680,214628.0,22.67,66.64,8111.0,0.63,5,"IL,IN,MI,MO,OH"
9,Northeast,1836,130.0,752914,662564.0,50.1,147.28,5792.0,0.88,9,"CT,ME,MA,NH,NJ,NY,PA,RI,VT"
10,South,1836,111.0,409172,568749.0,27.23,80.04,3686.0,1.39,11,"AL,AR,DE,GA,KY,LA,MD,MS,NC,TN,VA"
11,West,1836,0.0,0,0.0,0.0,0.0,0.0,0.0,0,
12,Midwest,1840,42.0,581196,342906.0,24.09,70.83,13838.0,0.59,5,"IL,IN,MI,MO,OH"
13,Northeast,1840,130.0,1189879,1070891.0,49.32,145.0,9153.0,0.9,9,"CT,ME,MA,NH,NJ,NY,PA,RI,VT"
14,South,1840,111.0,641619,911099.0,26.59,78.19,5780.0,1.42,11,"AL,AR,DE,GA,KY,LA,MD,MS,NC,TN,VA"
15,West,1840,0.0,0,0.0,0.0,0.0,0.0,0.0,0,
16,Midwest,1844,56.0,689708,551766.0,25.51,70.15,12316.0,0.8,5,"IL,IN,MI,MO,OH"
17,Northeast,1844,112.0,1285296,1105355.0,47.54,130.73,11476.0,0.86,9,"CT,ME,MA,NH,NJ,NY,PA,RI,VT"
18,South,1844,98.0,732488,966884.0,27.09,74.5,7474.0,1.32,11,"AL,AR,DE,GA,KY,LA,MD,MS,NC,TN,VA"
19,West,1844,0.0,0,0.0,0.0,0.0,0.0,0.0,0,
20,Midwest,1848,64.0,805094,636024.0,27.99,81.16,12580.0,0.79,7,"IL,IN,IA,MI,MO,OH,WI"
21,Northeast,1848,112.0,1296183,1114717.0,45.06,130.66,11573.0,0.86,9,"CT,ME,MA,NH,NJ,NY,PA,RI,VT"
22,South,1848,105.0,775502,1039173.0,26.96,78.18,7386.0,1.34,13,"AL,AR,DE,FL,GA,KY,LA,MD,MS,NC,TN,TX,VA"
23,West,1848,0.0,0,0.0,0.0,0.0,0.0,0.0,0,
24,Midwest,1852,71.0,943118,754494.0,29.85,88.36,13283.0,0.8,7,"IL,IN,IA,MI,MO,OH,WI"
25,Northeast,1852,110.0,1380399,1173339.0,43.69,129.32,12549.0,0.85,9,"CT,ME,MA,NH,NJ,NY,PA,RI,VT"
26,South,1852,103.0,758833,1100308.0,24.02,71.09,7367.0,1.45,13,"AL,AR,DE,FL,GA,KY,LA,MD,MS,NC,TN,TX,VA"
27,West,1852,4.0,76810,43014.0,2.43,7.2,19202.0,0.56,1,CA
28,Midwest,1856,71.0,1305131,965797.0,32.21,95.35,18382.0,0.74,7,"IL,IN,IA,MI,MO,OH,WI"
29,Northeast,1856,110.0,1656453,1507372.0,40.88,121.01,15059.0,0.91,9,"CT,ME,MA,NH,NJ,NY,PA,RI,VT"
30,South,1856,103.0,979747,1410836.0,24.18,71.58,9512.0,1.44,13,"AL,AR,DE,FL,GA,KY,LA,MD,MS,NC,TN,TX,VA"
31,West,1856,4.0,110255,55128.0,2.72,8.05,27564.0,0.5,1,CA
32,Midwest,1860,75.0,1680488,1159537.0,35.9,108.77,22407.0,0.69,8,"IL,IN,IA,MI,MN,MO,OH,WI"
33,Northeast,1860,110.0,1754812,1702168.0,37.49,113.58,15953.0,0.97,9,"CT,ME,MA,NH,NJ,NY,PA,RI,VT"
34,South,1860,103.0,1111443,1589363.0,23.74,71.94,10791.0,1.43,13,"AL,AR,DE,FL,GA,KY,LA,MD,MS,NC,TN,TX,VA"
35,West,1860,7.0,134588,107670.0,2.87,8.71,19227.0,0.8,2,"CA,OR"
36,Midwest,1864,92.0,1715537,1595449.0,42.55,99.14,18647.0,0.93,9,"IL,IN,IA,KS,MI,MN,MO,OH,WI"
37,Northeast,1864,105.0,1958889,1821767.0,48.58,113.2,18656.0,0.93,9,"CT,ME,MA,NH,NJ,NY,PA,RI,VT"
38,South,1864,26.0,216779,450900.0,5.38,12.53,8338.0,2.08,4,"DE,KY,MD,WV"
39,West,1864,10.0,140655,173006.0,3.49,8.13,14066.0,1.23,3,"CA,NV,OR"
40,Midwest,1868,95.0,2208629,1855248.0,38.6,113.47,23249.0,0.84,10,"IL,IN,IA,KS,MI,MN,MO,NE,OH,WI"
41,Northeast,1868,105.0,2219724,2042146.0,38.79,114.04,21140.0,0.92,9,"CT,ME,MA,NH,NJ,NY,PA,RI,VT"
42,South,1868,80.0,1152023,1555231.0,20.13,59.19,14400.0,1.35,11,"AL,AR,DE,GA,KY,LA,MD,NC,SC,TN,WV"
43,West,1868,11.0,142440,213660.0,2.49,7.32,12949.0,1.5,3,"CA,NV,OR"
44,Midwest,1872,118.0,2431150,2090789.0,37.56,137.49,20603.0,0.86,10,"IL,IN,IA,KS,MI,MN,MO,NE,OH,WI"
45,Northeast,1872,113.0,2079670,1996483.0,32.13,117.61,18404.0,0.96,9,"CT,ME,MA,NH,NJ,NY,PA,RI,VT"
46,South,1872,123.0,1830582,2178393.0,28.28,103.52,14883.0,1.19,15,"AL,AR,DE,FL,GA,KY,LA,MD,MS,NC,SC,TN,TX,VA,WV"
47,West,1872,12.0,130581,212847.0,2.02,7.38,10882.0,1.63,3,"CA,NV,OR"
48,Midwest,1876,118.0,3168439,2693173.0,37.64,138.88,26851.0,0.85,10,"IL,IN,IA,KS,MI,MN,MO,NE,OH,WI"
49,Northeast,1876,113.0,2664809,2584865.0,31.65,116.8,23582.0,0.97,9,"CT,ME,MA,NH,NJ,NY,PA,RI,VT"
50,South,1876,123.0,2380055,2808465.0,28.27,104.32,19350.0,1.18,15,"AL,AR,DE,FL,GA,KY,LA,MD,MS,NC,SC,TN,TX,VA,WV"
51,West,1876,12.0,205356,273123.0,2.44,9.0,17113.0,1.33,3,"CA,NV,OR"
52,Midwest,1880,118.0,3601181,2952968.0,39.06,144.13,30518.0,0.82,10,"IL,IN,IA,KS,MI,MN,MO,NE,OH,WI"
53,Northeast,1880,113.0,2964278,2816064.0,32.15,118.64,26233.0,0.95,9,"CT,ME,MA,NH,NJ,NY,PA,RI,VT"
54,South,1880,123.0,2378767,3068609.0,25.8,95.21,19340.0,1.29,15,"AL,AR,DE,FL,GA,KY,LA,MD,MS,NC,SC,TN,TX,VA,WV"
55,West,1880,15.0,276955,373889.0,3.0,11.08,18464.0,1.35,4,"CA,CO,NV,OR"
56,Midwest,1884,134.0,4082169,3347379.0,40.58,162.71,30464.0,0.82,10,"IL,IN,IA,KS,MI,MN,MO,NE,OH,WI"
57,Northeast,1884,113.0,3079843,2833456.0,30.61,122.76,27255.0,0.92,9,"CT,ME,MA,NH,NJ,NY,PA,RI,VT"
58,South,1884,137.0,2569147,3442657.0,25.54,102.41,18753.0,1.34,15,"AL,AR,DE,FL,GA,KY,LA,MD,MS,NC,SC,TN,TX,VA,WV"
59,West,1884,17.0,328986,427682.0,3.27,13.11,19352.0,1.3,4,"CA,CO,NV,OR"
60,Midwest,1888,134.0,4677654,3788900.0,41.07,164.7,34908.0,0.81,10,"IL,IN,IA,KS,MI,MN,MO,NE,OH,WI"
61,Northeast,1888,113.0,3444653,3203527.0,30.25,121.29,30484.0,0.93,9,"CT,ME,MA,NH,NJ,NY,PA,RI,VT"
62,South,1888,137.0,2849123,3903299.0,25.02,100.32,20797.0,1.37,15,"AL,AR,DE,FL,GA,KY,LA,MD,MS,NC,SC,TN,TX,VA,WV"
63,West,1888,17.0,417416,484203.0,3.67,14.7,24554.0,1.16,4,"CA,CO,NV,OR"
64,Midwest,1892,152.0,4998758,4148969.0,41.42,183.91,32887.0,0.83,12,"IL,IN,IA,KS,MI,MN,MO,NE,ND,OH,SD,WI"
65,Northeast,1892,117.0,3547821,3193039.0,29.4,130.53,30323.0,0.9,9,"CT,ME,MA,NH,NJ,NY,PA,RI,VT"
66,South,1892,142.0,2900007,3857009.0,24.03,106.7,20423.0,1.33,15,"AL,AR,DE,FL,GA,KY,LA,MD,MS,NC,SC,TN,TX,VA,WV"
67,West,1892,33.0,621441,894875.0,5.15,22.86,18832.0,1.44,8,"CA,CO,ID,MT,NV,OR,WA,WY"
68,Midwest,1896,152.0,5960562,4768450.0,42.76,191.15,39214.0,0.8,12,"IL,IN,IA,KS,MI,MN,MO,NE,ND,OH,SD,WI"
69,Northeast,1896,117.0,3886121,3652954.0,27.88,124.62,33215.0,0.94,9,"CT,ME,MA,NH,NJ,NY,PA,RI,VT"
70,South,1896,142.0,3220560,4412167.0,23.11,103.28,22680.0,1.37,15,"AL,AR,DE,FL,GA,KY,LA,MD,MS,NC,SC,TN,TX,VA,WV"
71,West,1896,36.0,871431,1124146.0,6.25,27.95,24206.0,1.29,9,"CA,CO,ID,MT,NV,OR,UT,WA,WY"
72,Midwest,1900,152.0,6128802,4780466.0,43.79,195.72,40321.0,0.78,12,"IL,IN,IA,KS,MI,MN,MO,NE,ND,OH,SD,WI"
73,Northeast,1900,117.0,4028118,3665587.0,28.78,128.64,34428.0,0.91,9,"CT,ME,MA,NH,NJ,NY,PA,RI,VT"
74,South,1900,142.0,2876166,4458057.0,20.55,91.85,20255.0,1.55,15,"AL,AR,DE,FL,GA,KY,LA,MD,MS,NC,SC,TN,TX,VA,WV"
75,West,1900,36.0,964343,1128281.0,6.89,30.8,26787.0,1.17,9,"CA,CO,ID,MT,NV,OR,UT,WA,WY"
76,Midwest,1904,160.0,5880061,4527647.0,43.48,206.94,36750.0,0.77,12,"IL,IN,IA,KS,MI,MN,MO,NE,ND,OH,SD,WI"
77,Northeast,1904,126.0,4231020,3596367.0,31.28,148.91,33580.0,0.85,9,"CT,ME,MA,NH,NJ,NY,PA,RI,VT"
78,South,1904,151.0,2321647,4295047.0,17.17,81.71,15375.0,1.85,15,"AL,AR,DE,FL,GA,KY,LA,MD,MS,NC,SC,TN,TX,VA,WV"
79,West,1904,39.0,1092367,1103291.0,8.08,38.44,28009.0,1.01,9,"CA,CO,ID,MT,NV,OR,UT,WA,WY"
80,Midwest,1908,160.0,6388248,4918951.0,42.91,207.23,39927.0,0.77,12,"IL,IN,IA,KS,MI,MN,MO,NE,ND,OH,SD,WI"
81,Northeast,1908,126.0,4340766,3863282.0,29.15,140.81,34451.0,0.89,9,"CT,ME,MA,NH,NJ,NY,PA,RI,VT"
82,South,1908,158.0,2880073,4867323.0,19.34,93.43,18228.0,1.69,16,"AL,AR,DE,FL,GA,KY,LA,MD,MS,NC,OK,SC,TN,TX,VA,WV"
83,West,1908,39.0,1282086,1205161.0,8.61,41.59,32874.0,0.94,9,"CA,CO,ID,MT,NV,OR,UT,WA,WY"
84,Midwest,1912,167.0,6131709,4721416.0,40.76,216.42,36717.0,0.77,12,"IL,IN,IA,KS,MI,MN,MO,NE,ND,OH,SD,WI"
85,Northeast,1912,141.0,4275580,3976289.0,28.42,150.91,30323.0,0.93,9,"CT,ME,MA,NH,NJ,NY,PA,RI,VT"
86,South,1912,168.0,2803273,4765564.0,18.63,98.94,16686.0,1.7,16,"AL,AR,DE,FL,GA,KY,LA,MD,MS,NC,OK,SC,TN,TX,VA,WV"
87,West,1912,55.0,1833721,1558663.0,12.19,64.72,33340.0,0.85,11,"AZ,CA,CO,ID,MT,NV,NM,OR,UT,WA,WY"
88,Midwest,1916,167.0,8024283,5857727.0,43.29,229.86,48050.0,0.73,12,"IL,IN,IA,KS,MI,MN,MO,NE,ND,OH,SD,WI"
89,Northeast,1916,141.0,4621365,4944861.0,24.93,132.38,32776.0,1.07,9,"CT,ME,MA,NH,NJ,NY,PA,RI,VT"
90,South,1916,168.0,3288911,5854262.0,17.74,94.21,19577.0,1.78,16,"AL,AR,DE,FL,GA,KY,LA,MD,MS,NC,OK,SC,TN,TX,VA,WV"
91,West,1916,55.0,2602026,1925499.0,14.04,74.54,47310.0,0.74,11,"AZ,CA,CO,ID,MT,NV,NM,OR,UT,WA,WY"
92,Midwest,1920,167.0,11433816,8461024.0,42.72,226.84,68466.0,0.74,12,"IL,IN,IA,KS,MI,MN,MO,NE,ND,OH,SD,WI"
93,Northeast,1920,141.0,7629182,7095139.0,28.5,151.36,54108.0,0.93,9,"CT,ME,MA,NH,NJ,NY,PA,RI,VT"
94,South,1920,168.0,5114522,8490107.0,19.11,101.47,30444.0,1.66,16,"AL,AR,DE,FL,GA,KY,LA,MD,MS,NC,OK,SC,TN,TX,VA,WV"
95,West,1920,55.0,2587660,2768796.0,9.67,51.34,47048.0,1.07,11,"AZ,CA,CO,ID,MT,NV,NM,OR,UT,WA,WY"
96,Midwest,1924,167.0,12396579,9173468.0,42.6,226.23,74231.0,0.74,12,"IL,IN,IA,KS,MI,MN,MO,NE,ND,OH,SD,WI"
97,Northeast,1924,141.0,8694993,7738544.0,29.88,158.68,61667.0,0.89,9,"CT,ME,MA,NH,NJ,NY,PA,RI,VT"
98,South,1924,168.0,4907018,9225194.0,16.86,89.55,29208.0,1.88,16,"AL,AR,DE,FL,GA,KY,LA,MD,MS,NC,OK,SC,TN,TX,VA,WV"
99,West,1924,55.0,3098517,3005561.0,10.65,56.55,56337.0,0.97,11,"AZ,CA,CO,ID,MT,NV,NM,OR,UT,WA,WY"
100,Midwest,1928,167.0,14669324,11588766.0,39.85,211.63,87840.0,0.79,12,"IL,IN,IA,KS,MI,MN,MO,NE,ND,OH,SD,WI"
101,Northeast,1928,141.0,12066598,9773944.0,32.78,174.08,85579.0,0.81,9,"CT,ME,MA,NH,NJ,NY,PA,RI,VT"
102,South,1928,168.0,6214638,11621373.0,16.88,89.66,36992.0,1.87,16,"AL,AR,DE,FL,GA,KY,LA,MD,MS,NC,OK,SC,TN,TX,VA,WV"
103,West,1928,55.0,3856452,3817887.0,10.48,55.64,70117.0,0.99,11,"AZ,CA,CO,ID,MT,NV,NM,OR,UT,WA,WY"
104,Midwest,1932,161.0,15930421,12107120.0,40.07,212.8,98947.0,0.76,12,"IL,IN,IA,KS,MI,MN,MO,NE,ND,OH,SD,WI"
105,Northeast,1932,140.0,12258709,10419903.0,30.84,163.75,87562.0,0.85,9,"CT,ME,MA,NH,NJ,NY,PA,RI,VT"
106,South,1932,165.0,6835553,12372351.0,17.2,91.31,41428.0,1.81,16,"AL,AR,DE,FL,GA,KY,LA,MD,MS,NC,OK,SC,TN,TX,VA,WV"
107,West,1932,65.0,4727215,4869031.0,11.89,63.15,72726.0,1.03,11,"AZ,CA,CO,ID,MT,NV,NM,OR,UT,WA,WY"
108,Midwest,1936,161.0,17828234,13906023.0,39.06,207.39,110734.0,0.78,12,"IL,IN,IA,KS,MI,MN,MO,NE,ND,OH,SD,WI"
109,Northeast,1936,140.0,15063562,12050850.0,33.0,175.23,107597.0,0.8,9,"CT,ME,MA,NH,NJ,NY,PA,RI,VT"
110,South,1936,165.0,7434973,14200798.0,16.29,86.49,45060.0,1.91,16,"AL,AR,DE,FL,GA,KY,LA,MD,MS,NC,OK,SC,TN,TX,VA,WV"
111,West,1936,65.0,5321300,5587365.0,11.66,61.9,81866.0,1.05,11,"AZ,CA,CO,ID,MT,NV,NM,OR,UT,WA,WY"
112,Midwest,1940,161.0,19177769,15150438.0,38.43,204.07,119117.0,0.79,12,"IL,IN,IA,KS,MI,MN,MO,NE,ND,OH,SD,WI"
113,Northeast,1940,140.0,16183488,13108625.0,32.43,172.21,115596.0,0.81,9,"CT,ME,MA,NH,NJ,NY,PA,RI,VT"
114,South,1940,165.0,8218417,15532808.0,16.47,87.45,49809.0,1.89,16,"AL,AR,DE,FL,GA,KY,LA,MD,MS,NC,OK,SC,TN,TX,VA,WV"
115,West,1940,65.0,6322439,6132766.0,12.67,67.28,97268.0,0.97,11,"AZ,CA,CO,ID,MT,NV,NM,OR,UT,WA,WY"
116,Midwest,1944,155.0,17905334,13966161.0,37.32,198.17,115518.0,0.78,12,"IL,IN,IA,KS,MI,MN,MO,NE,ND,OH,SD,WI"
117,Northeast,1944,138.0,15818661,12496742.0,32.97,175.08,114628.0,0.79,9,"CT,ME,MA,NH,NJ,NY,PA,RI,VT"
118,South,1944,167.0,7781251,15095627.0,16.22,86.12,46594.0,1.94,16,"AL,AR,DE,FL,GA,KY,LA,MD,MS,NC,OK,SC,TN,TX,VA,WV"
119,West,1944,71.0,6471817,6407099.0,13.49,71.63,91152.0,0.99,11,"AZ,CA,CO,ID,MT,NV,NM,OR,UT,WA,WY"
120,Midwest,1948,155.0,17540438,14207755.0,35.95,190.89,113164.0,0.81,12,"IL,IN,IA,KS,MI,MN,MO,NE,ND,OH,SD,WI"
121,Northeast,1948,138.0,15800015,12640012.0,32.38,171.94,114493.0,0.8,9,"CT,ME,MA,NH,NJ,NY,PA,RI,VT"
122,South,1948,167.0,8244099,15334024.0,16.9,89.72,49366.0,1.86,16,"AL,AR,DE,FL,GA,KY,LA,MD,MS,NC,OK,SC,TN,TX,VA,WV"
123,West,1948,71.0,7208983,6560175.0,14.77,78.45,101535.0,0.91,11,"AZ,CA,CO,ID,MT,NV,NM,OR,UT,WA,WY"
124,Midwest,1952,153.0,21153657,17769072.0,34.26,181.9,138259.0,0.84,12,"IL,IN,IA,KS,MI,MN,MO,NE,ND,OH,SD,WI"
125,Northeast,1952,133.0,18801864,15417528.0,30.45,161.68,141367.0,0.82,9,"CT,ME,MA,NH,NJ,NY,PA,RI,VT"
126,South,1952,166.0,12445507,19290536.0,20.15,107.02,74973.0,1.55,16,"AL,AR,DE,FL,GA,KY,LA,MD,MS,NC,OK,SC,TN,TX,VA,WV"
127,West,1952,79.0,9350914,9163896.0,15.14,80.41,118366.0,0.98,11,"AZ,CA,CO,ID,MT,NV,NM,OR,UT,WA,WY"
128,Midwest,1956,153.0,21113664,17946614.0,34.04,180.77,137998.0,0.85,12,"IL,IN,IA,KS,MI,MN,MO,NE,ND,OH,SD,WI"
129,Northeast,1956,133.0,18778589,15586229.0,30.28,160.77,141192.0,0.83,9,"CT,ME,MA,NH,NJ,NY,PA,RI,VT"
130,South,1956,166.0,12470090,19328640.0,20.11,106.76,75121.0,1.55,16,"AL,AR,DE,FL,GA,KY,LA,MD,MS,NC,OK,SC,TN,TX,VA,WV"
131,West,1956,79.0,9658985,9272626.0,15.57,82.7,122266.0,0.96,11,"AZ,CA,CO,ID,MT,NV,NM,OR,UT,WA,WY"
132,Midwest,1960,153.0,22978764,19531949.0,33.38,179.27,150188.0,0.85,12,"IL,IN,IA,KS,MI,MN,MO,NE,ND,OH,SD,WI"
133,Northeast,1960,133.0,20053481,17045459.0,29.13,156.45,150778.0,0.85,9,"CT,ME,MA,NH,NJ,NY,PA,RI,VT"
134,South,1960,166.0,14383568,21287681.0,20.9,112.21,86648.0,1.48,16,"AL,AR,DE,FL,GA,KY,LA,MD,MS,NC,OK,SC,TN,TX,VA,WV"
135,West,1960,85.0,11416669,10845836.0,16.59,89.07,134314.0,0.95,13,"AK,AZ,CA,CO,HI,ID,MT,NV,NM,OR,UT,WA,WY"
136,Midwest,1964,149.0,22209002,19543922.0,31.44,169.15,149054.0,0.88,12,"IL,IN,IA,KS,MI,MN,MO,NE,ND,OH,SD,WI"
137,Northeast,1964,126.0,19619090,16480036.0,27.77,149.42,155707.0,0.84,9,"CT,ME,MA,NH,NJ,NY,PA,RI,VT"
138,South,1964,168.0,16599280,22077042.0,23.5,126.42,98805.0,1.33,17,"AL,AR,DE,DC,FL,GA,KY,LA,MD,MS,NC,OK,SC,TN,TX,VA,WV"
139,West,1964,95.0,12211912,12456150.0,17.29,93.01,128546.0,1.02,13,"AK,AZ,CA,CO,HI,ID,MT,NV,NM,OR,UT,WA,WY"
140,Midwest,1968,149.0,22205555,20207055.0,30.34,163.21,149031.0,0.91,12,"IL,IN,IA,KS,MI,MN,MO,NE,ND,OH,SD,WI"
141,Northeast,1968,126.0,19238011,17121830.0,26.28,141.39,152683.0,0.89,9,"CT,ME,MA,NH,NJ,NY,PA,RI,VT"
142,South,1968,168.0,19166695,22808367.0,26.18,140.87,114087.0,1.19,17,"AL,AR,DE,DC,FL,GA,KY,LA,MD,MS,NC,OK,SC,TN,TX,VA,WV"
143,West,1968,95.0,12589737,12967429.0,17.2,92.53,132524.0,1.03,13,"AK,AZ,CA,CO,HI,ID,MT,NV,NM,OR,UT,WA,WY"
144,Midwest,1972,145.0,23187265,20868538.0,29.83,160.46,159912.0,0.9,12,"IL,IN,IA,KS,MI,MN,MO,NE,ND,OH,SD,WI"
145,Northeast,1972,122.0,19948278,17554485.0,25.66,138.04,163510.0,0.88,9,"CT,ME,MA,NH,NJ,NY,PA,RI,VT"
146,South,1972,169.0,20049222,24460051.0,25.79,138.74,118634.0,1.22,17,"AL,AR,DE,DC,FL,GA,KY,LA,MD,MS,NC,OK,SC,TN,TX,VA,WV"
147,West,1972,102.0,14559262,14704855.0,18.73,100.75,142738.0,1.01,13,"AK,AZ,CA,CO,HI,ID,MT,NV,NM,OR,UT,WA,WY"
148,Midwest,1976,145.0,24152275,21978570.0,29.62,159.37,166567.0,0.91,12,"IL,IN,IA,KS,MI,MN,MO,NE,ND,OH,SD,WI"
149,Northeast,1976,122.0,19511418,18535847.0,23.93,128.75,159930.0,0.95,9,"CT,ME,MA,NH,NJ,NY,PA,RI,VT"
150,South,1976,169.0,23190962,25510058.0,28.44,153.03,137225.0,1.1,17,"AL,AR,DE,DC,FL,GA,KY,LA,MD,MS,NC,OK,SC,TN,TX,VA,WV"
151,West,1976,102.0,14676929,15410775.0,18.0,96.85,143891.0,1.05,13,"AK,AZ,CA,CO,HI,ID,MT,NV,NM,OR,UT,WA,WY"
152,Midwest,1980,145.0,25177638,23415203.0,29.1,156.58,173639.0,0.93,12,"IL,IN,IA,KS,MI,MN,MO,NE,ND,OH,SD,WI"
153,Northeast,1980,122.0,19206016,19590136.0,22.2,119.44,157426.0,1.02,9,"CT,ME,MA,NH,NJ,NY,PA,RI,VT"
154,South,1980,169.0,25808519,27098945.0,29.83,160.5,152713.0,1.05,17,"AL,AR,DE,DC,FL,GA,KY,LA,MD,MS,NC,OK,SC,TN,TX,VA,WV"
155,West,1980,102.0,16317505,16480680.0,18.86,101.48,159976.0,1.01,13,"AK,AZ,CA,CO,HI,ID,MT,NV,NM,OR,UT,WA,WY"
156,Midwest,1984,137.0,25441394,23660496.0,27.46,147.73,185704.0,0.93,12,"IL,IN,IA,KS,MI,MN,MO,NE,ND,OH,SD,WI"
157,Northeast,1984,113.0,20483079,19458925.0,22.11,118.94,181266.0,0.95,9,"CT,ME,MA,NH,NJ,NY,PA,RI,VT"
158,South,1984,177.0,28832989,30562968.0,31.12,167.42,162898.0,1.06,17,"AL,AR,DE,DC,FL,GA,KY,LA,MD,MS,NC,OK,SC,TN,TX,VA,WV"
159,West,1984,111.0,17895771,19148475.0,19.31,103.91,161223.0,1.07,13,"AK,AZ,CA,CO,HI,ID,MT,NV,NM,OR,UT,WA,WY"
160,Midwest,1988,137.0,24663511,23430335.0,26.93,144.87,180026.0,0.95,12,"IL,IN,IA,KS,MI,MN,MO,NE,ND,OH,SD,WI"
161,Northeast,1988,113.0,19851199,19255663.0,21.67,116.6,175674.0,0.97,9,"CT,ME,MA,NH,NJ,NY,PA,RI,VT"
162,South,1988,177.0,28557566,30271020.0,31.18,167.74,161342.0,1.06,17,"AL,AR,DE,DC,FL,GA,KY,LA,MD,MS,NC,OK,SC,TN,TX,VA,WV"
163,West,1988,111.0,18522410,18892858.0,20.22,108.8,166869.0,1.02,13,"AK,AZ,CA,CO,HI,ID,MT,NV,NM,OR,UT,WA,WY"
164,Midwest,1992,129.0,27736530,24962877.0,26.56,142.9,215012.0,0.9,12,"IL,IN,IA,KS,MI,MN,MO,NE,ND,OH,SD,WI"
165,Northeast,1992,106.0,21580127,20501121.0,20.67,111.18,203586.0,0.95,9,"CT,ME,MA,NH,NJ,NY,PA,RI,VT"
166,South,1992,184.0,33624920,35642415.0,32.2,173.24,182744.0,1.06,17,"AL,AR,DE,DC,FL,GA,KY,LA,MD,MS,NC,OK,SC,TN,TX,VA,WV"
167,West,1992,119.0,21482346,23200934.0,20.57,110.68,180524.0,1.08,13,"AK,AZ,CA,CO,HI,ID,MT,NV,NM,OR,UT,WA,WY"
168,Midwest,1996,129.0,24953412,23206673.0,25.92,139.44,193437.0,0.93,12,"IL,IN,IA,KS,MI,MN,MO,NE,ND,OH,SD,WI"
169,Northeast,1996,106.0,19601258,19013220.0,20.36,109.53,184918.0,0.97,9,"CT,ME,MA,NH,NJ,NY,PA,RI,VT"
170,South,1996,184.0,31756268,33026519.0,32.98,177.46,172588.0,1.04,17,"AL,AR,DE,DC,FL,GA,KY,LA,MD,MS,NC,OK,SC,TN,TX,VA,WV"
171,West,1996,119.0,19964463,21361975.0,20.74,111.56,167769.0,1.07,13,"AK,AZ,CA,CO,HI,ID,MT,NV,NM,OR,UT,WA,WY"
172,Midwest,2000,124.0,26268873,24167363.0,24.92,134.08,211846.0,0.92,11,"IL,IN,IA,KS,MI,MN,MO,ND,OH,SD,WI"
173,Northeast,2000,102.0,20357354,19950207.0,19.31,103.91,199582.0,0.98,8,"CT,MA,NH,NJ,NY,PA,RI,VT"
174,South,2000,184.0,35406587,36114719.0,33.59,180.72,192427.0,1.02,17,"AL,AR,DE,DC,FL,GA,KY,LA,MD,MS,NC,OK,SC,TN,TX,VA,WV"
175,West,2000,119.0,22023450,23344857.0,20.89,112.41,185071.0,1.06,13,"AK,AZ,CA,CO,HI,ID,MT,NV,NM,OR,UT,WA,WY"
176,Midwest,2004,119.0,30161954,27145759.0,24.66,132.69,253462.0,0.9,11,"IL,IN,IA,KS,MI,MN,MO,ND,OH,SD,WI"
177,Northeast,2004,97.0,22690655,22009935.0,18.55,99.82,233924.0,0.97,8,"CT,MA,NH,NJ,NY,PA,RI,VT"
178,South,2004,189.0,42115499,42957809.0,34.44,185.27,222833.0,1.02,17,"AL,AR,DE,DC,FL,GA,KY,LA,MD,MS,NC,OK,SC,TN,TX,VA,WV"
179,West,2004,124.0,25807800,28130502.0,21.1,113.53,208127.0,1.09,13,"AK,AZ,CA,CO,HI,ID,MT,NV,NM,OR,UT,WA,WY"
180,Midwest,2008,119.0,31274123,29084934.0,23.82,128.13,262808.0,0.93,11,"IL,IN,IA,KS,MI,MN,MO,ND,OH,SD,WI"
181,Northeast,2008,97.0,23758004,23758004.0,18.09,97.34,244928.0,1.0,8,"CT,MA,NH,NJ,NY,PA,RI,VT"
182,South,2008,189.0,46697447,46230473.0,35.56,191.32,247076.0,0.99,17,"AL,AR,DE,DC,FL,GA,KY,LA,MD,MS,NC,OK,SC,TN,TX,VA,WV"
183,West,2008,124.0,28051802,30295946.0,21.36,114.93,226224.0,1.08,13,"AK,AZ,CA,CO,HI,ID,MT,NV,NM,OR,UT,WA,WY"
184,Midwest,2012,113.0,30369267,27028648.0,23.53,126.57,268755.0,0.89,11,"IL,IN,IA,KS,MI,MN,MO,ND,OH,SD,WI"
185,Northeast,2012,92.0,22658159,21978414.0,17.55,94.43,246284.0,0.97,8,"CT,MA,NH,NJ,NY,PA,RI,VT"
186,South,2012,196.0,46791625,47259541.0,36.25,195.02,238733.0,1.01,17,"AL,AR,DE,DC,FL,GA,KY,LA,MD,MS,NC,OK,SC,TN,TX,VA,WV"
187,West,2012,128.0,27758796,30812264.0,21.5,115.69,216866.0,1.11,13,"AK,AZ,CA,CO,HI,ID,MT,NV,NM,OR,UT,WA,WY"
188,Midwest,2016,113.0,30761607,28608295.0,22.51,121.09,272227.0,0.93,11,"IL,IN,IA,KS,MI,MN,MO,ND,OH,SD,WI"
189,Northeast,2016,92.0,24254450,23284272.0,17.75,95.48,263635.0,0.96,8,"CT,MA,NH,NJ,NY,PA,RI,VT"
190,South,2016,196.0,49961734,49961734.0,36.56,196.67,254907.0,1.0,17,"AL,AR,DE,DC,FL,GA,KY,LA,MD,MS,NC,OK,SC,TN,TX,VA,WV"
191,West,2016,128.0,30099292,32507235.0,22.02,118.49,235151.0,1.08,13,"AK,AZ,CA,CO,HI,ID,MT,NV,NM,OR,UT,WA,WY"
192,Midwest,2020,113.0,33977136,33297593.0,21.45,115.42,300683.0,0.98,11,"IL,IN,IA,KS,MI,MN,MO,ND,OH,SD,WI"
193,Northeast,2020,92.0,27206504,27206504.0,17.18,92.42,295723.0,1.0,8,"CT,MA,NH,NJ,NY,PA,RI,VT"
194,South,2020,196.0,58314973,57731823.0,36.82,198.09,297525.0,0.99,17,"AL,AR,DE,DC,FL,GA,KY,LA,MD,MS,NC,OK,SC,TN,TX,VA,WV"
195,West,2020,128.0,37107081,37849223.0,23.43,126.05,289899.0,1.02,13,"AK,AZ,CA,CO,HI,ID,MT,NV,NM,OR,UT,WA,WY"
