Abbrev,State,Census Grouping,Civil War Grouping,1804 EC votes,1804 Votes counted,1804 Vote weight,1804 Vote margin,1804 Swing weight,1804 Party,1808 EC votes,1808 Votes counted,1808 Vote weight,1808 Vote margin,1808 Swing weight,1808 Party,1812 EC votes,1812 Votes counted,1812 Vote weight,1812 Vote margin,1812 Swing weight,1812 Party,1816 EC votes,1816 Votes counted,1816 Vote weight,1816 Vote margin,1816 Swing weight,1816 Party,1820 EC votes,1820 Votes counted,1820 Vote weight,1820 Party,1824 EC votes,1824 Votes counted,1824 Vote weight,1824 Party,1828 EC votes,1828 Votes counted,1828 Vote weight,1828 Vote margin,1828 Swing weight,1828 Party,1832 EC votes,1832 Votes counted,1832 Vote weight,1832 Vote margin,1832 Swing weight,1832 Party,1836 EC votes,1836 Votes counted,1836 Vote weight,1836 Vote margin,1836 Swing weight,1836 Party,1840 EC votes,1840 Votes counted,1840 Vote weight,1840 Vote margin,1840 Swing weight,1840 Party,1844 EC votes,1844 Votes counted,1844 Vote weight,1844 Vote margin,1844 Swing weight,1844 Party,1848 EC votes,1848 Votes counted,1848 Vote weight,1848 Vote margin,1848 Swing weight,1848 Party,1852 EC votes,1852 Votes counted,1852 Vote weight,1852 Vote margin,1852 Swing weight,1852 Party,1856 EC votes,1856 Votes counted,1856 Vote weight,1856 Vote margin,1856 Swing weight,1856 Party,1860 EC votes,1860 Votes counted,1860 Vote weight,1860 Vote margin,1860 Swing weight,1860 Party,1864 EC votes,1864 Votes counted,1864 Vote weight,1864 Vote margin,1864 Swing weight,1864 Party,1868 EC votes,1868 Votes counted,1868 Vote weight,1868 Vote margin,1868 Swing weight,1868 Party,1872 EC votes,1872 Votes counted,1872 Vote weight,1872 Vote margin,1872 Swing weight,1872 Party,1876 EC votes,1876 Votes counted,1876 Vote weight,1876 Vote margin,1876 Swing weight,1876 Party,1880 EC votes,1880 Votes counted,1880 Vote weight,1880 Vote margin,1880 Swing weight,1880 Party,1884 EC votes,1884 Votes counted,1884 Vote weight,1884 Vote margin,1884 Swing weight,1884 Party,1888 EC votes,1888 Votes counted,1888 Vote weight,1888 Vote margin,1888 Swing weight,1888 Party,1892 EC votes,1892 Votes counted,1892 Vote weight,1892 Vote margin,1892 Swing weight,1892 Party,1896 EC votes,1896 Votes counted,1896 Vote weight,1896 Vote margin,1896 Swing weight,1896 Party,1900 EC votes,1900 Votes counted,1900 Vote weight,1900 Vote margin,1900 Swing weight,1900 Party,1904 EC votes,1904 Votes counted,1904 Vote weight,1904 Vote margin,1904 Swing weight,1904 Party,1908 EC votes,1908 Votes counted,1908 Vote weight,1908 Vote margin,1908 Swing weight,1908 Party,1912 EC votes,1912 Votes counted,1912 Vote weight,1912 Vote margin,1912 Swing weight,1912 Party,1916 EC votes,1916 Votes counted,1916 Vote weight,1916 Vote margin,1916 Swing weight,1916 Party,1920 EC votes,1920 Votes counted,1920 Vote weight,1920 Vote margin,1920 Swing weight,1920 Party,1924 EC votes,1924 Votes counted,1924 Vote weight,1924 Vote margin,1924 Swing weight,1924 Party,1928 EC votes,1928 Votes counted,1928 Vote weight,1928 Vote margin,1928 Swing weight,1928 Party,1932 EC votes,1932 Votes counted,1932 Vote weight,1932 Vote margin,1932 Swing weight,1932 Party,1936 EC votes,1936 Votes counted,1936 Vote weight,1936 Vote margin,1936 Swing weight,1936 Party,1940 EC votes,1940 Votes counted,1940 Vote weight,1940 Vote margin,1940 Swing weight,1940 Party,1944 EC votes,1944 Votes counted,1944 Vote weight,1944 Vote margin,1944 Swing weight,1944 Party,1948 EC votes,1948 Votes counted,1948 Vote weight,1948 Vote margin,1948 Swing weight,1948 Party,1952 EC votes,1952 Votes counted,1952 Vote weight,1952 Vote margin,1952 Swing weight,1952 Party,1956 EC votes,1956 Votes counted,1956 Vote weight,1956 Vote margin,1956 Swing weight,1956 Party,1960 EC votes,1960 Votes counted,1960 Vote weight,1960 Vote margin,1960 Swing weight,1960 Party,1964 EC votes,1964 Votes counted,1964 Vote weight,1964 Vote margin,1964 Swing weight,1964 Party,1968 EC votes,1968 Votes counted,1968 Vote weight,1968 Vote margin,1968 Swing weight,1968 Party,1972 EC votes,1972 Votes counted,1972 Vote weight,1972 Vote margin,1972 Swing weight,1972 Party,1976 EC votes,1976 Votes counted,1976 Vote weight,1976 Vote margin,1976 Swing weight,1976 Party,1980 EC votes,1980 Votes counted,1980 Vote weight,1980 Vote margin,1980 Swing weight,1980 Party,1984 EC votes,1984 Votes counted,1984 Vote weight,1984 Vote margin,1984 Swing weight,1984 Party,1988 EC votes,1988 Votes counted,1988 Vote weight,1988 Vote margin,1988 Swing weight,1988 Party,1992 EC votes,1992 Votes counted,1992 Vote weight,1992 Vote margin,1992 Swing weight,1992 Party,1996 EC votes,1996 Votes counted,1996 Vote weight,1996 Vote margin,1996 Swing weight,1996 Party,2000 EC votes,2000 Votes counted,2000 Vote weight,2000 Vote margin,2000 Swing weight,2000 Party,2004 EC votes,2004 Votes counted,2004 Vote weight,2004 Vote margin,2004 Swing weight,2004 Party,2008 EC votes,2008 Votes counted,2008 Vote weight,2008 Vote margin,2008 Swing weight,2008 Party,2012 EC votes,2012 Votes counted,2012 Vote weight,2012 Vote margin,2012 Swing weight,2012 Party,2016 EC votes,2016 Votes counted,2016 Vote weight,2016 Vote margin,2016 Swing weight,2016 Party,2020 EC votes,2020 Votes counted,2020 Vote weight,2020 Vote margin,2020 Swing weight,2020 Party
AL,Alabama,South,Confederate,,,,,,,,,,,,,,,,,,,,,,,,,3,NoPop,,Democratic-Republican,5,13603,0.71,Democratic-Republican-Jackson,5,18618,1.25,14858,1.48,Democrat,7,14291,2.26,14281,2.17,Democrat,7,37296,1.00,3980,8.99,Democrat,7,62511,0.95,-5481,-10.48,Democrat,9,63403,1.44,11399,7.76,Democrat,9,61655,1.49,-691,-129.20,Democrat,9,44147,2.24,11280,8.52,Democrat,9,75291,1.68,18187,6.77,Democrat,9,90122,1.58,-20834,-6.67,Democrat-Breckenridge,,,,,,,8,149594,1.05,3746,41.57,Republican,10,169716,1.04,10828,16.33,Republican,10,171699,1.34,-34281,-6.66,Democrat,10,152048,1.64,-34964,-7.15,Democrat,10,153624,1.63,33292,7.54,Democrat,10,175085,1.62,-60137,-4.72,Republican,11,232543,1.29,53151,5.63,Democrat,11,194580,1.76,-74625,-4.60,Democrat,11,159692,2.16,-41517,-8.30,Democrat,11,108785,2.87,-57325,-5.45,Democrat,11,105152,3.22,-48830,-6.94,Democrat,12,117959,2.88,59758,5.69,Democrat,12,130728,3.20,70747,5.92,Democrat,12,237638,2.55,-85409,-7.08,Democrat,12,166593,3.95,-67961,-9.68,Democrat,12,248982,3.34,-7072,-117.62,Democrat,11,245354,3.36,173235,4.75,Democrat,11,275244,3.44,202838,4.66,Democrat,11,294219,3.51,208542,4.96,Democrat,11,244743,4.06,154378,6.44,Democrat,11,214980,4.70,-130513,-7.74,Dixiecrat,11,426120,3.00,-125844,-10.17,Democrat,11,496698,2.59,-85150,-15.09,Democrat,11,564478,2.50,80322,17.55,Democrat,10,689817,1.90,-268353,-4.89,Republican,10,1049917,1.30,-494846,-2.75,American Independent,9,1006093,1.29,471778,2.76,Republican,9,1182850,1.15,155100,8.79,Democrat,9,1341929,1.08,17462,82.88,Republican,9,1441713,1.08,320950,4.83,Republican,9,1378476,1.11,266070,5.76,Republican,9,1688060,1.03,-114203,-15.30,Republican,9,1534349,1.05,-106879,-15.07,Republican,9,1666272,1.06,248562,7.09,Republican,9,1883449,1.09,482461,4.24,Republican,9,2099819,1.05,-453067,-4.85,Republican,9,2074338,1.04,-460229,-4.69,Republican,9,2123372,1.08,588708,3.88,Republican,9,2323282,1.14,-591546,-4.48,Republican
AK,Alaska,West,Postbellum,,,,,,,,,,,,,,,,,,,,,,,,,,,,,,,,,,,,,,,,,,,,,,,,,,,,,,,,,,,,,,,,,,,,,,,,,,,,,,,,,,,,,,,,,,,,,,,,,,,,,,,,,,,,,,,,,,,,,,,,,,,,,,,,,,,,,,,,,,,,,,,,,,,,,,,,,,,,,,,,,,,,,,,,,,,,,,,,,,,,,,,,,,,,,,,,,,,,,,,,,,,,,,,,,,,,,,,,,,,,,,,,,,,,,,,3,60762,6.33,1144,336.14,Republican,3,67259,5.86,21399,18.41,Democrat,3,83035,4.92,2189,186.47,Republican,3,95219,4.55,22382,19.37,Republican,3,123574,3.68,-27497,-16.53,Republican,3,158445,3.04,44270,10.90,Republican,3,207605,2.49,76370,6.77,Republican,3,200116,2.55,46667,10.94,Republican,3,258506,2.25,-23706,-24.56,Republican,3,241620,2.22,-42366,-12.67,Republican,3,285560,2.06,88394,6.65,Republican,3,312598,2.18,79864,8.54,Republican,3,326197,2.24,-70247,-10.42,Republican,3,300495,2.40,-42036,-17.12,Republican,3,318608,2.39,46933,16.24,Republican,3,359530,2.46,-36173,-24.42,Republican
AZ,Arizona,West,Postbellum,,,,,,,,,,,,,,,,,,,,,,,,,,,,,,,,,,,,,,,,,,,,,,,,,,,,,,,,,,,,,,,,,,,,,,,,,,,,,,,,,,,,,,,,,,,,,,,,,,,,,,,,,,,,,,,,,,,,,,,,,,,,,,,,,,,,,,,,,,,,,,,,,,,,,,,,,,,,,,,3,23722,3.58,3375,25.18,Democrat,3,58021,1.80,12646,8.28,Democrat,3,66562,2.27,7470,20.24,Republican,3,73961,2.22,4281,38.40,Republican,3,91254,2.28,13996,14.86,Republican,3,118251,1.90,43160,5.20,Democrat,3,124163,2.08,53289,4.84,Democrat,3,150039,1.88,41237,6.84,Democrat,4,137634,2.63,24639,14.67,Democrat,4,177065,2.08,17654,20.82,Democrat,4,260570,1.79,43514,10.69,Republican,4,290173,1.61,64110,7.29,Republican,4,398491,1.29,44460,11.53,Republican,5,480770,1.37,-4782,-137.29,Republican,5,486936,1.40,96207,7.07,Republican,6,653505,1.33,204272,4.24,Republican,6,742719,1.22,-123040,-7.39,Republican,6,873945,1.10,282845,3.41,Republican,7,1025897,1.18,347562,3.47,Republican,7,1171873,1.02,248512,4.80,Republican,8,1487006,1.04,-29036,-53.48,Republican,8,1404405,1.02,31215,45.86,Democrat,8,1532016,1.02,96311,16.27,Republican,10,2012585,1.13,210770,10.78,Republican,10,2293475,1.06,-195404,-12.49,Republican,11,2299254,1.15,-208422,-12.66,Republican,11,2573165,1.09,91234,30.63,Republican,11,3387326,0.96,10457,309.68,Democrat
AR,Arkansas,South,Confederate,,,,,,,,,,,,,,,,,,,,,,,,,,,,,,,,,,,,,,,,,,,,,3,3714,4.29,1046,14.66,Democrat,3,11839,2.16,-1519,-16.21,Democrat,3,15150,2.01,3942,7.48,Democrat,3,16888,1.82,-1714,-17.36,Democrat,4,19577,2.24,4769,8.95,Democrat,4,32642,1.72,11178,4.90,Democrat,4,54152,1.17,-8669,-7.13,Democrat-Breckenridge,,,,,,,5,41190,2.39,3034,32.08,Republican,6,79300,1.34,3446,30.79,Republican,6,96946,1.42,-19437,-7.04,Democrat,6,107290,1.40,-18339,-8.17,Democrat,7,125779,1.40,21536,8.15,Democrat,7,157058,1.27,-26310,-7.56,Republican,8,148117,1.47,40762,5.33,Democrat,8,149347,1.67,-72591,-3.44,Democrat,8,127866,1.96,-36342,-6.89,Democrat,9,116421,2.20,-17574,-14.55,Democrat,9,151822,1.83,-30391,-9.13,Democrat,9,125104,2.04,43229,5.90,Democrat,9,170104,1.85,63332,4.96,Democrat,9,183637,2.47,-36292,-12.50,Democrat,9,138532,3.56,-44231,-11.15,Democrat,9,197693,3.16,-41445,-15.05,Democrat,9,220562,3.05,161135,4.18,Democrat,9,179423,4.31,114726,6.74,Democrat,9,200743,4.21,116501,7.26,Democrat,9,212954,3.82,85414,9.52,Democrat,9,242475,3.41,98700,8.38,Democrat,8,404800,2.30,-49145,-18.93,Democrat,8,406572,2.30,-26990,-34.62,Democrat,8,428509,2.39,30541,33.58,Democrat,6,560426,1.41,70933,11.11,Democrat,6,609590,1.34,-46565,-17.53,American Independent,6,647666,1.34,246852,3.51,Republican,6,769396,1.18,230861,3.94,Democrat,6,837582,1.15,5123,188.33,Republican,6,884406,1.17,196128,5.27,Republican,6,827738,1.23,117341,8.71,Republican,6,950653,1.23,168499,6.91,Democrat,6,884262,1.21,149755,7.17,Democrat,6,921781,1.28,50172,23.43,Republican,6,1054945,1.29,102945,13.25,Republican,6,1086617,1.35,-215707,-6.79,Republican,6,1069468,1.35,-253335,-5.68,Republican,6,1130635,1.35,304378,5.01,Republican,6,1219069,1.45,-336715,-5.25,Republican
CA,California,West,Union,,,,,,,,,,,,,,,,,,,,,,,,,,,,,,,,,,,,,,,,,,,,,,,,,,,,,,,,,,,,,,,,,,,,,4,76810,0.57,4749,8.99,Democrat,4,110255,0.51,17147,3.19,Democrat,4,119827,0.53,734,84.20,Republican,5,105890,0.82,18216,4.75,Republican,5,108656,0.90,520,187.15,Republican,6,95785,1.11,13290,7.98,Republican,6,155784,0.89,2798,48.92,Republican,6,164245,0.91,-95,-1578.00,Democrat,8,196988,1.02,-13081,-15.34,Republican,8,251339,0.90,7087,32.06,Democrat,9,269609,0.91,147,1664.10,Democrat,9,298419,0.94,1922,146.02,Republican,9,302318,0.93,39770,7.09,Republican,10,331878,0.86,115822,2.45,Republican,10,386597,0.80,86906,3.55,Republican,13,673527,0.55,-174,-2116.76,Progressive,13,999603,0.45,3773,120.28,Democrat,13,944050,0.69,395801,1.66,Republican,13,1281900,0.56,308601,2.31,Republican,13,1796656,0.50,547958,1.64,Republican,22,2267966,0.73,476255,3.46,Democrat,22,2638882,0.72,930405,2.03,Democrat,22,3268791,0.63,526199,3.93,Democrat,25,3520875,0.64,475599,4.75,Democrat,25,4021538,0.57,17865,128.59,Democrat,32,5341603,0.70,777941,4.78,Republican,32,5466355,0.68,607533,6.15,Republican,32,6506578,0.63,35623,115.14,Republican,40,7057586,0.74,1292769,4.06,Democrat,40,7251587,0.75,223346,24.37,Republican,45,8367862,0.78,1126249,5.77,Republican,45,7867117,0.87,-139960,-48.73,Republican,45,8587063,0.84,1441197,5.02,Republican,47,9505423,0.85,1544490,5.24,Republican,47,9887064,0.81,352684,22.69,Republican,54,11131721,0.94,1490751,7.03,Democrat,54,10019484,0.96,1291455,7.48,Democrat,54,10965856,0.96,-1293774,-8.18,Democrat,55,12421353,1.01,-1235659,-10.12,Democrat,55,13561900,0.99,3262692,4.11,Democrat,55,13038547,1.01,3014327,4.38,Democrat,55,14181595,0.99,-4269978,-3.27,Democrat,55,17500871,0.93,5103821,3.17,Democrat
CO,Colorado,West,Postbellum,,,,,,,,,,,,,,,,,,,,,,,,,,,,,,,,,,,,,,,,,,,,,,,,,,,,,,,,,,,,,,,,,,,,,,,,,,,,,,,,,,,,,,,,,,,,,,,,,,,,,,,,,3,NoPop,,NoPop,,,3,53546,1.40,2803,26.74,Republican,3,66519,1.13,-8361,-9.00,Republican,3,91946,0.93,13223,6.44,Democrat,4,93891,1.16,-14964,-7.27,Populist,4,189539,0.66,-134734,-0.93,Democrat,4,221408,0.57,-29661,-4.22,Democrat,5,243667,0.58,34556,4.11,Republican,5,263858,0.58,-2951,-52.23,Democrat,6,266880,0.64,41926,4.05,Democrat,6,294375,0.71,76508,2.74,Democrat,6,292053,1.04,68312,4.43,Republican,6,342260,0.96,119933,2.74,Republican,6,392242,1.06,120741,3.44,Republican,6,457696,0.98,61260,7.33,Democrat,6,488684,1.06,113754,4.53,Democrat,6,549004,1.03,-14022,-40.21,Republican,6,505039,1.07,-34400,-15.76,Republican,6,515237,1.07,27574,19.99,Democrat,6,630103,1.11,134278,5.20,Republican,6,663074,1.06,130482,5.37,Republican,6,736246,1.04,71613,10.74,Republican,6,776986,1.01,179257,4.39,Democrat,6,811199,1.01,74171,11.01,Republican,7,953884,1.06,267209,3.79,Republican,7,1081135,0.98,-124014,-8.55,Republican,7,1184415,0.95,284291,3.96,Republican,8,1295381,1.06,366844,3.76,Republican,8,1372394,0.99,106724,12.76,Republican,8,1569180,0.99,66831,23.23,Democrat,8,1510704,0.95,-20696,-69.17,Republican,8,1741368,0.90,145521,10.77,Republican,9,2130330,0.96,99523,20.56,Republican,9,2401462,0.91,215004,10.22,Democrat,9,2569518,0.84,137858,15.66,Democrat,9,2780247,0.82,-136386,-16.76,Democrat,9,3256980,0.81,439745,6.03,Democrat
CT,Connecticut,Northeast,Union,9,NoPop,,NoPop,,Federalist,9,NoPop,,NoPop,,Federalist,9,NoPop,,NoPop,,Fusion,9,NoPop,,NoPop,,Federalist,9,4599,1.29,Democratic-Republican,8,10647,1.45,Democratic-Republican-Adams,8,19378,1.92,-9381,-3.75,National Republican,8,32833,1.12,-6886,-5.15,National Republican,8,38093,1.12,495,82.61,Democrat,8,56879,1.20,6317,10.39,Whig,6,64616,0.94,-2991,-19.72,Whig,6,62398,0.98,3267,18.22,Whig,6,66781,0.99,2890,22.16,Democrat,6,80329,1.05,-7720,-10.64,Whig,6,80745,1.18,28057,3.30,Republican,6,86958,1.19,2388,43.48,Republican,6,98632,1.20,2944,39.67,Republican,6,96009,1.11,4619,22.97,Republican,6,122134,1.13,-2894,-47.30,Democrat,6,132802,1.13,2656,56.44,Republican,6,137257,1.10,1284,117.23,Democrat,6,153978,1.11,-336,-507.16,Republican,6,164595,0.99,5363,30.41,Democrat,6,174390,1.07,53545,3.49,Republican,6,180195,1.04,28558,6.58,Republican,7,191128,1.04,38180,5.21,Republican,7,190003,1.14,44660,4.83,Republican,7,190398,1.04,6237,31.80,Democrat,7,213874,1.14,-6728,-36.32,Republican,7,365518,0.97,108517,3.25,Republican,7,400295,0.96,136138,2.82,Republican,7,553031,0.88,44574,10.89,Republican,8,594183,1.01,-6788,-88.23,Republican,8,690723,1.00,103444,6.65,Democrat,8,781502,0.96,55802,13.47,Democrat,8,831990,0.87,44619,16.20,Democrat,8,883518,0.83,-14457,-50.85,Republican,8,1096911,0.85,129363,7.19,Republican,8,1117121,0.84,306758,3.05,Republican,8,1222883,0.84,91242,11.24,Democrat,8,1218578,0.86,435273,2.41,Democrat,8,1256232,0.87,-64840,-16.79,Democrat,8,1384277,0.84,255265,4.53,Republican,8,1381526,0.88,-71366,-16.99,Republican,8,1406285,0.91,135478,9.50,Republican,8,1466900,0.94,321280,4.29,Republican,8,1443394,0.94,73657,18.49,Republican,8,1616332,0.96,104005,14.93,Democrat,8,1392614,1.03,252631,5.67,Democrat,8,1459525,1.07,-254921,-6.15,Democrat,7,1578769,1.01,-163662,-9.72,Democrat,7,1646797,1.04,368344,4.64,Democrat,7,1558960,1.08,270191,6.22,Democrat,7,1644920,1.08,-224357,-7.93,Democrat,7,1824273,1.13,365389,5.64,Democrat
DE,Delaware,South,Border,3,NoPop,,NoPop,,Federalist,3,NoPop,,NoPop,,Federalist,4,NoPop,,NoPop,,Fusion,4,NoPop,,NoPop,,Federalist,4,NoPop,,Democratic-Republican,3,NoPop,,split,3,NoPop,,NoPop,,National Republican,3,8386,1.65,-166,-80.11,National Republican,3,8895,1.79,-582,-26.35,Whig-Harrison,3,10852,2.36,1095,22.48,Whig,3,12247,2.49,-301,-98.00,Whig,3,12423,2.47,530,56.15,Whig,3,12673,2.60,25,1280.94,Democrat,3,14589,2.89,1729,23.75,Democrat,3,16115,2.95,-3451,-13.43,Democrat-Breckenridge,3,16922,3.07,-612,-84.82,Democrat,3,18571,3.18,-3343,-17.47,Democrat,3,21822,2.43,924,57.41,Republican,3,24133,2.86,-2629,-26.03,Democrat,3,29528,2.54,-1142,-65.63,Democrat,3,29984,2.51,4004,18.80,Democrat,3,29764,2.86,-3464,-24.60,Republican,3,37235,2.19,504,161.79,Democrat,3,38456,2.43,3876,24.14,Republican,3,41989,2.24,3683,25.51,Republican,3,43856,1.94,4358,19.56,Republican,3,48007,1.93,2959,31.25,Republican,3,48694,1.75,6633,12.81,Democrat,3,51810,2.02,-1258,-83.25,Republican,3,94875,1.59,12947,11.68,Republican,3,90885,1.81,18996,8.65,Republican,3,105891,1.96,32217,6.45,Republican,3,112901,1.99,-2754,-81.55,Republican,3,127603,2.02,12466,20.69,Democrat,3,136374,2.07,13159,21.43,Democrat,3,125361,2.16,11419,23.74,Democrat,3,139073,1.98,-1775,-155.31,Republican,3,174025,2.00,6744,51.73,Republican,3,177988,1.97,18636,18.80,Republican,3,196683,1.96,3217,119.53,Democrat,3,201320,1.96,44626,8.83,Democrat,3,214367,1.90,7520,54.28,Republican,3,235516,1.84,48074,9.02,Republican,3,235834,1.93,12765,35.62,Democrat,3,235668,2.05,5498,87.74,Republican,3,254572,2.03,50534,10.22,Republican,3,249891,2.04,30992,16.48,Republican,3,289620,2.01,23741,24.53,Democrat,3,270845,1.98,41293,13.00,Democrat,3,327622,1.79,-42780,-13.74,Democrat,3,375190,1.82,-28492,-23.93,Democrat,3,412412,1.78,103085,7.10,Democrat,3,413921,1.74,77100,9.34,Democrat,3,443814,1.72,-50476,-15.10,Democrat,3,504346,1.75,95665,9.23,Democrat
DC,District of Columbia,South,Union,,,,,,,,,,,,,,,,,,,,,,,,,,,,,,,,,,,,,,,,,,,,,,,,,,,,,,,,,,,,,,,,,,,,,,,,,,,,,,,,,,,,,,,,,,,,,,,,,,,,,,,,,,,,,,,,,,,,,,,,,,,,,,,,,,,,,,,,,,,,,,,,,,,,,,,,,,,,,,,,,,,,,,,,,,,,,,,,,,,,,,,,,,,,,,,,,,,,,,,,,,,,,,,,,,,,,,,,,,,,,,,,,,,,,,,,,,,,,3,198597,1.98,140995,2.79,Democrat,3,170578,2.39,-108554,-3.76,Democrat,3,163421,2.65,-92401,-4.69,Democrat,3,168830,2.69,109945,4.14,Democrat,3,173889,2.77,-106918,-4.51,Democrat,3,211288,2.45,-151399,-3.41,Democrat,3,192877,2.65,-131817,-3.87,Democrat,3,227572,2.56,171921,3.39,Democrat,3,185726,2.89,140881,3.81,Democrat,3,201894,2.91,-153850,-3.82,Democrat,3,227586,3.00,-181714,-3.75,Democrat,3,265853,2.75,228433,3.21,Democrat,3,293764,2.45,245689,2.93,Democrat,3,311268,2.45,-270107,-2.82,Democrat,3,344356,2.56,298737,2.96,Democrat
FL,Florida,South,Confederate,,,,,,,,,,,,,,,,,,,,,,,,,,,,,,,,,,,,,,,,,,,,,,,,,,,,,,,,,,,,,,,3,7203,4.26,1037,28.70,Whig,3,7193,4.58,1443,22.19,Democrat,3,11191,3.77,1525,26.93,Democrat,3,13301,3.58,-3476,-13.33,Democrat-Breckenridge,,,,,,,3,NoPop,,NoPop,,Republican,4,33190,2.13,2336,30.28,Republican,4,46776,1.97,922,98.98,Republican,4,51618,1.94,-4310,-23.19,Democrat,4,59990,1.67,3738,26.85,Democrat,4,66500,1.71,-13028,-8.72,Republican,4,35471,3.07,25310,4.30,Democrat,4,46488,2.68,-21458,-5.81,Democrat,4,39649,3.16,-20918,-5.99,Democrat,5,38705,3.67,-18135,-7.83,Democrat,5,49360,3.12,-20450,-7.54,Democrat,6,50837,3.34,30537,5.57,Democrat,6,80734,2.59,41373,5.06,Democrat,6,145681,2.08,-45662,-6.62,Democrat,6,109154,3.01,-31450,-10.45,Democrat,6,253672,1.64,42404,9.81,Republican,7,276252,1.90,137137,3.82,Democrat,7,327365,1.84,170869,3.52,Democrat,7,485492,1.36,233176,2.82,Democrat,8,482592,1.50,196162,3.68,Democrat,8,577643,1.27,87708,8.38,Democrat,10,989337,1.18,99086,11.74,Republican,10,1124220,1.04,163478,7.14,Republican,10,1544176,0.83,46776,27.40,Republican,14,1854481,0.99,42599,43.15,Democrat,14,2187805,0.87,210010,9.07,Republican,17,2583283,0.95,1139642,2.16,Republican,17,3150631,0.82,166469,15.48,Democrat,17,3687026,0.74,627476,4.36,Republican,21,4180051,0.87,1281534,2.82,Republican,21,4302313,0.83,962184,3.72,Republican,25,5314392,0.91,-100612,-48.23,Republican,25,5303794,0.84,302334,14.80,Democrat,25,5963110,0.82,537,9121.05,Republican,27,7609810,0.81,380978,16.11,Republican,27,8390744,0.79,236450,27.87,Democrat,29,8474179,0.82,74309,93.64,Democrat,29,9420039,0.78,112911,65.25,Republican,29,11067456,0.77,-371686,-22.97,Republican
GA,Georgia,South,Confederate,6,NoPop,,NoPop,,Democratic-Republican,6,NoPop,,NoPop,,Democratic-Republican,8,NoPop,,NoPop,,Democratic-Republican,8,NoPop,,NoPop,,Democratic-Republican,8,NoPop,,Democratic-Republican,9,NoPop,,Democratic-Republican-Crawford,9,20004,2.09,18720,2.11,Democrat,11,20750,2.44,20750,2.35,Democrat,11,47259,1.24,-1703,-33.02,Whig-White,11,72322,1.30,8356,10.80,Whig,10,86247,1.18,2047,48.03,Democrat,10,92317,1.11,2747,36.11,Whig,10,62626,1.75,23856,4.47,Democrat,10,99020,1.42,14142,9.68,Democrat,10,106717,1.49,-9216,-16.76,Democrat-Breckenridge,,,,,,,9,159816,1.11,-45598,-3.84,Democrat,11,138906,1.40,-13806,-14.09,Democrat,11,180690,1.40,-79624,-3.15,Democrat,11,156556,1.76,-48384,-5.68,Democrat,12,143610,2.10,46064,6.54,Democrat,12,142936,2.38,-59994,-5.68,Republican,13,223126,1.58,81038,4.36,Democrat,13,162480,2.49,-34490,-11.75,Democrat,13,121410,3.35,-46920,-8.68,Democrat,13,130986,2.82,-59462,-6.21,Democrat,13,132504,3.02,-30995,-12.93,Democrat,14,121470,3.27,71102,5.58,Democrat,14,160681,3.04,107062,4.56,Democrat,14,148251,4.76,-66073,-10.68,Democrat,14,166577,4.61,-92900,-8.26,Democrat,14,229159,4.23,-30233,-32.10,Democrat,12,255590,3.51,214255,4.19,Democrat,12,293175,3.52,218422,4.72,Democrat,12,312551,3.61,218834,5.15,Democrat,12,328109,3.30,208307,5.20,Democrat,12,418764,2.63,169591,6.50,Democrat,12,655803,2.13,-257844,-5.41,Democrat,12,663480,2.11,-224442,-6.24,Democrat,12,733349,2.10,184166,8.35,Democrat,12,1139336,1.38,-94027,-16.76,Republican,12,1250266,1.31,-155439,-10.50,American Independent,12,1174772,1.48,591967,2.93,Republican,12,1467458,1.24,495666,3.67,Democrat,12,1597467,1.21,-236565,-8.16,Democrat,12,1776093,1.16,362094,5.71,Republican,12,1809672,1.13,366539,5.57,Republican,13,2321133,1.09,13714,183.99,Democrat,13,2299071,1.01,-26994,-86.18,Republican,13,2596804,0.98,303490,8.39,Republican,15,3301875,1.03,548105,6.22,Republican,15,3924486,0.93,-204636,-17.89,Republican,16,3900050,0.98,-304861,-12.59,Republican,16,4114732,0.99,211141,19.25,Republican,16,4997716,0.94,11779,399.88,Democrat
HI,Hawaii,West,Postbellum,,,,,,,,,,,,,,,,,,,,,,,,,,,,,,,,,,,,,,,,,,,,,,,,,,,,,,,,,,,,,,,,,,,,,,,,,,,,,,,,,,,,,,,,,,,,,,,,,,,,,,,,,,,,,,,,,,,,,,,,,,,,,,,,,,,,,,,,,,,,,,,,,,,,,,,,,,,,,,,,,,,,,,,,,,,,,,,,,,,,,,,,,,,,,,,,,,,,,,,,,,,,,,,,,,,,,,,,,,,,,,,,,,,,,,,3,184705,2.08,115,3343.82,Democrat,4,207271,2.53,119227,4.41,Democrat,4,236218,2.30,-49899,-10.91,Democrat,4,270274,2.14,67456,8.57,Republican,4,291301,2.08,7372,82.23,Democrat,4,303287,2.12,-5767,-111.53,Democrat,4,335846,2.05,37896,18.18,Republican,4,354461,1.92,-33739,-20.18,Democrat,4,372842,2.08,42488,18.27,Democrat,4,360120,1.99,91069,7.86,Democrat,4,367951,2.13,-67441,-11.62,Democrat,4,429013,2.12,-37517,-24.24,Democrat,4,453568,2.15,205305,4.76,Democrat,4,434697,2.21,185643,5.17,Democrat,4,428937,2.37,-138044,-7.36,Democrat,4,574469,2.05,169266,6.96,Democrat
ID,Idaho,West,Postbellum,,,,,,,,,,,,,,,,,,,,,,,,,,,,,,,,,,,,,,,,,,,,,,,,,,,,,,,,,,,,,,,,,,,,,,,,,,,,,,,,,,,,,,,,,,,,,,,,,,,,,,,,,,,,,,,,,,,,,,,,,,,,,,,,,3,19407,4.20,-1921,-42.45,Populist,3,29621,3.16,-16821,-5.56,Democrat,3,57914,1.62,-2216,-42.39,Democrat,3,72578,1.17,29303,2.91,Republican,3,97293,0.95,16459,5.62,Republican,4,105754,1.07,1111,102.01,Democrat,4,134615,1.04,14686,9.51,Democrat,4,135624,1.49,42396,4.76,Republican,4,148295,1.48,15719,13.94,Republican,4,151541,1.83,44396,6.25,Republican,4,186625,1.60,38062,7.87,Democrat,4,199617,1.72,59427,5.79,Democrat,4,235168,1.60,21289,17.66,Democrat,4,208321,1.73,7262,49.77,Democrat,4,214816,1.71,5856,62.77,Democrat,4,276231,1.68,85626,5.43,Republican,4,272989,1.71,61111,7.65,Republican,4,300450,1.71,22744,22.54,Republican,4,292477,1.80,5363,97.93,Democrat,4,291183,1.87,76096,7.15,Republican,4,310379,1.86,118558,4.88,Republican,4,340932,1.78,-77602,-7.81,Republican,4,437431,1.47,180507,3.56,Republican,4,411144,1.68,189013,3.64,Republican,4,408968,1.67,106609,6.39,Republican,4,482114,1.61,-65632,-11.83,Republican,4,491719,1.46,-91152,-7.85,Republican,4,501621,1.56,198300,3.95,Republican,4,598447,1.52,228137,3.99,Republican,4,655122,1.49,-166572,-5.86,Republican,4,652274,1.47,-208124,-4.61,Republican,4,690255,1.47,219290,4.63,Republican,4,867884,1.36,-267098,-4.41,Republican
IL,Illinois,Midwest,Union,,,,,,,,,,,,,,,,,,,,,,,,,3,1443,1.37,Democratic-Republican,3,4671,1.24,split,3,14222,0.98,4898,2.69,Democrat,5,21481,1.07,7864,2.82,Democrat,5,33589,0.79,3149,8.12,Democrat,5,93175,0.46,-1867,-21.98,Democrat,9,109057,0.84,12941,6.84,Democrat,9,124596,0.74,-3099,-28.81,Democrat,11,154974,0.78,15645,7.51,Democrat,11,239334,0.65,9253,16.27,Democrat,11,339666,0.51,11956,14.21,Republican,16,348236,0.80,30788,8.99,Republican,16,449420,0.70,51188,6.08,Republican,21,429971,0.86,57052,6.51,Republican,21,554227,0.87,19621,24.42,Republican,21,622312,0.84,40716,12.89,Republican,22,672670,0.82,-25118,-21.97,Republican,22,747813,0.84,22124,28.24,Democrat,24,873647,0.75,26993,24.17,Democrat,24,1090869,0.69,141517,5.29,Republican,24,1131897,0.66,94924,7.92,Republican,27,1076499,0.71,305039,2.52,Republican,27,1155254,0.72,179122,4.65,Republican,29,1146173,0.72,18570,44.24,Democrat,29,2192707,0.46,-202320,-5.00,Republican,29,2094714,0.70,886085,1.65,Republican,29,2470067,0.64,876346,1.81,Republican,29,3107489,0.65,455324,4.41,Republican,29,3407926,0.64,449548,4.83,Democrat,29,3956522,0.63,712606,3.50,Democrat,29,4217935,0.65,102694,26.54,Democrat,28,4036061,0.63,140165,18.05,Democrat,28,3984046,0.65,33612,76.55,Democrat,27,4481058,0.70,443407,7.08,Republican,27,4407407,0.72,847645,3.72,Republican,27,4757409,0.73,8858,390.70,Democrat,26,4702841,0.73,890887,3.83,Democrat,26,4619749,0.77,134960,26.21,Republican,26,4723236,0.80,874707,4.30,Republican,26,4718833,0.83,-92974,-42.38,Republican,26,4749721,0.88,376636,11.10,Republican,24,4819088,0.86,620604,6.66,Republican,24,4559120,0.90,94999,43.01,Republican,22,5050157,0.85,719254,5.94,Democrat,22,4311391,0.91,754723,5.22,Democrat,22,4742123,0.91,-569605,-7.57,Democrat,21,5274322,0.91,-545604,-8.75,Democrat,21,5522371,0.93,1388169,3.69,Democrat,20,5242014,0.92,884296,5.43,Democrat,20,5536424,0.92,-944714,-5.38,Democrat,20,6033744,0.98,1025024,5.74,Democrat
IN,Indiana,Midwest,Union,,,,,,,,,,,,,,,,,,,3,NoPop,,NoPop,,Democratic-Republican,3,NoPop,,Democratic-Republican,5,15753,0.61,Democratic-Republican-Jackson,5,39210,0.59,5192,4.24,Democrat,9,47023,0.88,16079,2.48,Democrat,9,73759,0.65,-8803,-5.23,Whig-Harrison,9,116906,0.66,13698,5.39,Whig,12,140154,0.87,2314,50.99,Democrat,12,152752,0.80,-4838,-24.61,Democrat,13,183170,0.78,14439,9.61,Democrat,13,235431,0.78,24295,7.32,Democrat,13,272143,0.76,23524,8.54,Republican,13,280117,0.80,19657,11.44,Republican,13,343532,0.74,9572,26.43,Republican,15,351196,0.76,22515,11.78,Republican,15,438911,0.79,-5515,-62.05,Democrat,15,470672,0.80,6642,56.43,Republican,15,495332,0.76,6516,57.75,Democrat,15,536949,0.79,2348,181.44,Republican,15,553613,0.74,7125,57.22,Democrat,15,637119,0.73,18181,25.73,Republican,15,664094,0.71,26479,17.74,Republican,15,682185,0.62,93944,4.54,Republican,15,721126,0.64,10731,43.09,Republican,15,654474,0.65,119883,3.54,Democrat,15,718848,0.73,-6942,-75.43,Republican,15,1262964,0.60,185006,4.09,Republican,15,1272390,0.65,210797,3.90,Republican,15,1421314,0.73,285599,3.64,Republican,14,1576927,0.66,184870,5.67,Democrat,14,1650897,0.73,243404,4.94,Democrat,14,1782747,0.74,-25403,-51.79,Republican,13,1672091,0.70,-94488,-12.43,Republican,13,1656214,0.72,-13246,-90.18,Republican,13,1955325,0.77,334729,4.52,Republican,13,1974607,0.77,398903,3.81,Republican,13,2135360,0.78,222762,7.48,Republican,13,2091606,0.82,259730,6.57,Democrat,13,2123597,0.83,261226,6.77,Republican,13,2125529,0.88,696586,2.70,Republican,13,2220362,0.89,-169244,-11.64,Republican,13,2242033,0.93,411459,5.08,Republican,12,2233069,0.93,535749,3.86,Republican,12,2168621,0.94,437120,4.67,Republican,12,2305871,1.01,-140955,-16.52,Republican,12,2135842,1.01,-119269,-18.00,Republican,12,2199302,1.07,343856,6.84,Republican,11,2468002,1.01,510427,4.90,Republican,11,2751054,0.98,28391,94.57,Democrat,11,2624534,1.01,-267656,-9.86,Democrat,11,2734958,1.02,524160,5.33,Republican,11,3033112,1.07,-487103,-6.65,Republican
IA,Iowa,Midwest,Union,,,,,,,,,,,,,,,,,,,,,,,,,,,,,,,,,,,,,,,,,,,,,,,,,,,,,,,,,,,,,,,4,22271,1.84,-1308,-30.34,Democrat,4,35364,1.24,1907,22.39,Democrat,4,92310,0.61,7505,7.30,Democrat,4,128739,0.49,14663,4.21,Republican,8,132947,1.04,34769,3.98,Republican,8,194439,0.81,46359,3.36,Republican,11,216365,0.90,49930,3.90,Republican,11,292878,0.86,59205,4.24,Republican,11,323498,0.85,78082,3.52,Republican,13,377201,0.86,-19773,-16.49,Republican,13,404135,0.91,31726,11.64,Democrat,13,443159,0.80,-23428,-15.08,Republican,13,521547,0.78,65552,6.18,Republican,13,530355,0.77,98543,4.13,Republican,13,486093,0.76,158882,2.32,Republican,13,494769,0.81,74438,5.38,Republican,13,492356,0.75,23506,15.67,Democrat,13,513942,0.88,-61740,-7.35,Republican,13,895082,0.73,406753,1.61,Republican,13,976960,0.73,265392,2.68,Republican,13,1009489,0.89,244259,3.69,Republican,11,1036687,0.79,183586,4.49,Democrat,11,1142733,0.83,133779,7.07,Democrat,11,1215430,0.85,-53570,-19.30,Republican,10,1052599,0.86,-47391,-19.07,Republican,10,1038264,0.89,28362,32.40,Democrat,10,1268773,0.92,357393,3.25,Republican,10,1234564,0.95,227329,5.14,Republican,10,1273810,1.01,171816,7.46,Republican,9,1184539,1.00,283882,4.16,Democrat,9,1167931,1.05,142407,8.60,Republican,8,1225944,0.94,210001,5.50,Republican,8,1279306,0.95,-12932,-93.75,Republican,8,1317661,0.98,167354,7.69,Republican,8,1319805,1.04,97468,14.14,Republican,8,1225614,1.11,-125202,-10.88,Democrat,7,1354607,1.00,81462,16.68,Democrat,7,1234075,1.02,127614,9.82,Democrat,7,1315563,1.04,-4144,-330.95,Democrat,7,1506908,1.06,10059,158.19,Republican,7,1537123,1.11,146561,11.66,Democrat,6,1582180,0.91,91927,15.66,Democrat,6,1566031,0.97,147314,10.35,Republican,6,1690871,1.04,-138611,-12.74,Republican
KS,Kansas,Midwest,Union,,,,,,,,,,,,,,,,,,,,,,,,,,,,,,,,,,,,,,,,,,,,,,,,,,,,,,,,,,,,,,,,,,,,,,,,,,,,,,,,,,,,,,,3,21580,2.41,13253,3.92,Republican,3,43630,1.35,16427,3.55,Republican,5,100512,0.88,33835,2.61,Republican,5,124134,0.93,40422,2.82,Republican,5,201226,0.62,61748,2.02,Republican,9,265848,0.85,-64274,-3.51,Republican,9,331149,0.77,80159,3.19,Democrat,10,324905,0.84,-5870,-46.30,Populist,10,334547,0.93,-12330,-25.29,Democrat,10,353766,0.89,23354,13.41,Republican,10,328561,0.86,126781,2.24,Republican,10,375946,0.82,36007,8.56,Republican,10,365497,0.78,23453,12.08,Democrat,10,629813,0.55,36930,9.45,Democrat,10,570318,0.88,183804,2.74,Republican,10,662454,0.83,251352,2.18,Republican,10,713200,0.97,320669,2.16,Republican,9,791978,0.85,74706,9.02,Democrat,9,865014,0.89,66793,11.58,Democrat,9,860297,0.98,-124444,-6.80,Republican,8,733776,0.99,-154638,-4.67,Republican,8,788819,0.93,-71137,-10.33,Republican,8,896166,1.04,343006,2.71,Republican,8,866243,1.08,270561,3.45,Republican,8,928825,1.10,198261,5.17,Republican,7,857901,1.07,77449,11.87,Democrat,7,872783,1.09,175678,5.42,Republican,7,916095,1.10,349525,2.89,Republican,7,957845,1.11,-72331,-14.67,Republican,7,979795,1.15,240662,4.68,Republican,7,1021991,1.18,344147,3.50,Republican,7,993044,1.20,131413,9.07,Republican,6,1157256,1.01,-59517,-19.57,Republican,6,1074300,1.00,-195586,-5.49,Republican,6,1072218,1.10,223056,5.27,Republican,6,1187756,1.15,301463,4.52,Republican,6,1235872,1.18,-184890,-7.92,Republican,6,1159971,1.24,-251908,-5.71,Republican,6,1184402,1.29,244013,6.25,Republican,6,1372303,1.29,-201083,-8.78,Republican
KY,Kentucky,South,Border,8,5080,1.84,5080,1.84,Democratic-Republican,7,2733,4.76,2625,4.96,Democratic-Republican,12,8934,3.15,8068,3.48,Democratic-Republican,12,1864,6.19,1864,6.19,Democratic-Republican,12,4670,1.69,Democratic-Republican,14,23338,1.16,Democratic-Republican-Clay,14,70776,0.92,7840,7.85,Democrat,15,79741,0.87,-36249,-1.83,National Republican,15,70090,1.14,-3632,-21.11,Whig-Harrison,15,91104,1.40,25872,4.76,Whig,12,116865,1.04,-9261,-12.74,Whig,12,116865,1.05,17425,6.83,Whig,12,111643,1.18,-3934,-32.56,Whig,12,142058,1.19,7226,22.73,Democrat,12,146216,1.30,12915,14.36,Constitutional Union,11,92088,2.07,-36514,-5.21,Democrat,11,155455,1.39,-76323,-2.81,Democrat,12,191135,1.11,-11229,-18.90,Democrat,12,260626,1.06,-62492,-4.38,Democrat,12,267104,1.12,-42762,-7.01,Democrat,13,276481,1.18,34271,9.52,Democrat,13,344868,1.07,-28692,-12.87,Republican,13,340864,1.04,39999,8.83,Democrat,13,445928,0.91,277,1463.45,Republican,13,468265,0.87,-7994,-50.92,Democrat,13,435946,0.85,-11713,-31.54,Democrat,13,490719,0.82,-8381,-47.82,Democrat,13,452714,0.81,103974,3.54,Democrat,13,520078,0.87,28136,16.13,Democrat,13,918708,0.71,-4017,-163.12,Democrat,13,815332,0.87,24111,29.54,Republican,13,940604,0.96,176994,5.09,Republican,11,983063,0.84,185858,4.43,Democrat,11,926203,1.02,172242,5.49,Democrat,11,970063,1.07,146838,7.04,Democrat,11,867921,1.15,80141,12.40,Democrat,11,822658,1.23,125546,8.05,Democrat,10,993148,1.17,-700,-1661.34,Democrat,10,1053805,1.11,95739,12.20,Republican,10,1124462,1.14,80752,15.87,Republican,9,1046105,1.13,296682,3.98,Democrat,9,1055893,1.16,64870,18.88,Republican,9,1067499,1.22,305287,4.26,Republican,9,1167142,1.17,83865,16.26,Democrat,9,1294627,1.12,18857,76.75,Republican,9,1370461,1.13,283193,5.47,Republican,9,1322517,1.16,153913,9.96,Republican,8,1492900,1.04,47926,32.40,Democrat,8,1388708,1.03,13331,107.39,Democrat,8,1544187,1.02,233594,6.71,Republican,8,1795882,1.01,356706,5.10,Republican,8,1826620,1.07,-296477,-6.59,Republican,8,1797212,1.07,-407820,-4.71,Republican,8,1924149,1.06,574177,3.54,Republican,8,2136768,1.10,-554172,-4.25,Republican
LA,Louisiana,South,Confederate,,,,,,,,,,,,,3,NoPop,,NoPop,,Democratic-Republican,3,NoPop,,NoPop,,Democratic-Republican,3,NoPop,,Democratic-Republican,5,NoPop,,split,5,8687,2.68,523,42.05,Democrat,5,6337,3.64,1479,14.99,Democrat,5,7425,3.58,259,98.68,Democrat,5,18912,2.25,3680,11.15,Whig,6,26865,2.27,699,84.40,Democrat,6,33866,1.81,3108,19.15,Whig,6,35872,1.84,1392,46.01,Democrat,6,42873,1.97,1455,56.44,Democrat,6,50510,1.89,-2477,-37.42,Democrat-Breckenridge,7,Rejected,,Rejected,,,7,113488,1.21,-46962,-2.90,Democrat,8,128692,1.10,14634,9.67,Republican,8,145823,1.26,4807,37.97,Republican,8,104143,1.92,-26430,-7.56,Democrat,8,109399,1.83,16247,12.35,Democrat,8,115891,1.96,-54372,-4.18,Republican,8,114889,1.89,60963,3.57,Democrat,8,101046,2.47,-55138,-4.52,Democrat,8,67906,3.69,-39434,-6.35,Democrat,9,53908,4.74,-42503,-6.02,Democrat,9,75117,3.69,-54610,-5.08,Democrat,10,79248,3.58,51588,5.49,Democrat,10,92982,3.75,73409,4.76,Democrat,10,126396,3.99,-48981,-10.29,Democrat,10,121951,4.49,-68548,-7.99,Democrat,10,215833,3.21,-113495,-6.11,Democrat,10,268804,2.79,230565,3.25,Democrat,10,329778,2.61,256103,3.36,Democrat,10,372305,2.52,267305,3.52,Democrat,10,349383,2.59,213814,4.23,Democrat,10,416336,2.21,-67946,-13.52,Dixiecrat,10,651952,1.78,-38102,-30.52,Democrat,10,617544,1.89,85070,13.73,Republican,10,807891,1.59,176359,7.27,Democrat,10,896293,1.46,-122157,-10.75,Republican,10,1097450,1.24,-220685,-6.17,American Independent,10,1051491,1.37,388710,3.72,Republican,10,1278439,1.19,73919,20.50,Democrat,10,1548591,1.04,84400,19.05,Republican,10,1706822,1.01,385713,4.46,Republican,10,1628202,1.05,166242,10.24,Republican,9,1790017,0.98,82585,21.15,Democrat,9,1783959,0.90,215251,7.48,Democrat,9,1765656,1.00,135527,13.01,Republican,9,1943106,1.05,281870,7.26,Republican,9,1960761,1.12,-365286,-6.01,Republican,8,1994065,0.96,-343121,-5.59,Republican,8,2029032,1.00,398484,5.10,Republican,8,2148062,1.10,-399742,-5.89,Republican
ME,Maine,Northeast,Union,,,,,,,,,,,,,,,,,,,,,,,,,9,9686,0.61,Democratic-Republican,9,12625,1.37,Democratic-Republican-Adams,9,34789,1.20,-6846,-5.78,National Republican,10,62153,0.74,6647,6.67,Democrat,10,38740,1.37,8022,6.37,Democrat,10,92802,0.92,422,194.47,Whig,9,84933,1.08,11341,7.80,Democrat,9,87625,1.05,-4922,-18.14,Democrat,8,82182,1.07,9066,9.42,Democrat,8,109689,1.03,-28139,-3.89,Whig,8,100918,1.26,33118,3.73,Republican,7,114797,1.06,20813,5.82,Republican,7,112962,1.22,28042,4.86,Republican,7,90523,1.37,32329,3.83,Republican,7,117045,1.38,16383,9.75,Republican,7,143903,1.22,8841,19.78,Republican,6,130491,1.15,-20064,-7.50,Republican,6,128253,1.33,23258,7.33,Democrat,6,116451,1.40,-14887,-10.95,Republican,6,118419,1.58,45816,4.08,Republican,6,105693,1.78,28590,6.57,Republican,6,97023,1.76,37790,4.51,Republican,6,106336,1.74,31584,5.86,Republican,6,129640,1.31,2618,64.93,Democrat,6,136314,1.54,-5475,-38.26,Republican,6,197840,1.53,77394,3.91,Republican,6,192192,1.71,96476,3.41,Republican,6,262171,1.59,98744,4.21,Republican,5,298444,1.25,-37724,-9.92,Republican,5,304240,1.41,-42490,-10.12,Republican,5,320840,1.46,-7473,-62.88,Republican,5,296400,1.52,-14803,-30.52,Republican,5,264787,1.74,-38318,-11.99,Republican,5,351786,1.65,113547,5.12,Republican,5,351706,1.66,146770,3.98,Republican,5,421767,1.52,59449,10.78,Republican,4,380965,1.38,143563,3.66,Democrat,4,392936,1.39,-48058,-11.32,Democrat,4,417271,1.39,95874,6.03,Republican,4,483208,1.25,-4041,-150.01,Republican,4,523011,1.23,17548,36.65,Republican,4,553144,1.25,121985,5.65,Republican,4,555035,1.23,63562,10.71,Republican,4,679499,1.14,56600,13.72,Democrat,4,605897,1.18,126410,5.66,Democrat,4,651817,1.20,-33335,,Democrat,4,740752,1.23,-66641,,Democrat,4,731163,1.34,126650,,Democrat,4,713180,1.35,109030,,Democrat,4,747927,1.36,-22142,,Democrat,2,819461,1.44,74335,,Democrat
MD,Maryland,South,Border,11,9599,1.34,5009,,split,11,24222,0.84,6450,,split,11,27138,0.95,954,,split,11,10496,1.01,1492,7.09,Democratic-Republican,11,5044,1.44,Democratic-Republican,11,33214,0.64,split,11,45796,1.12,-232,-208.55,National Republican,10,38316,1.20,-4,-11082.11,National Republican,10,48119,1.10,-3585,-14.26,Whig-Harrison,10,62280,1.37,4776,17.18,Whig,8,68690,1.18,-3278,-24.00,Whig,8,72359,1.13,3174,25.00,Whig,8,75120,1.17,4945,17.27,Democrat,8,86860,1.30,-8329,-13.15,American,8,92502,1.37,-722,-171.19,Democrat-Breckenridge,7,72892,1.66,7414,16.34,Republican,7,92795,1.48,-31919,-4.27,Democrat,8,134447,1.05,-927,-152.60,Democrat,8,163759,1.12,-19799,-9.22,Democrat,8,173039,1.16,-15191,-13.16,Democrat,8,186019,1.08,11118,18.05,Democrat,8,210941,1.08,-6202,-36.63,Republican,8,213275,1.02,21130,10.29,Democrat,8,250249,1.00,32809,7.60,Republican,8,264434,0.95,13947,17.96,Republican,8,224229,1.01,51,4457.11,Republican,8,238531,1.03,605,407.62,Republican,8,231981,0.98,54885,4.13,Democrat,8,262039,1.07,21012,13.29,Democrat,8,428443,0.94,55491,7.27,Republican,8,358630,1.22,14342,30.57,Republican,8,528348,1.05,77853,7.12,Republican,8,511054,1.17,130130,4.60,Democrat,8,624896,1.10,158177,4.35,Democrat,8,660117,1.14,115012,6.54,Democrat,8,608439,1.19,22541,32.07,Democrat,8,596735,1.23,-8293,-88.64,Republican,9,902074,1.16,104087,10.06,Republican,9,932351,1.13,187125,5.62,Republican,9,1055349,1.09,76270,15.13,Democrat,10,1116457,1.18,345417,3.80,Democrat,10,1235039,1.10,-20315,-66.97,Democrat,10,1353812,1.07,323524,4.47,Republican,10,1432273,1.06,86951,17.43,Democrat,10,1540496,1.04,-45555,-35.30,Democrat,10,1675873,1.03,91983,18.72,Republican,10,1714358,0.99,49863,34.14,Republican,10,1985046,0.98,281477,6.90,Democrat,10,1780870,1.00,284677,6.29,Democrat,10,2025480,0.97,-331985,-5.90,Democrat,10,2386678,0.95,-309790,-7.34,Democrat,10,2631596,0.93,669605,3.65,Democrat,10,2707327,0.89,705975,3.40,Democrat,10,2781446,0.91,-734759,-3.46,Democrat,10,3037030,0.97,1008609,2.92,Democrat
MA,Massachusetts,Northeast,Union,19,55243,0.40,3955,5.63,Democratic-Republican,19,NoPop,,NoPop,,Federalist,22,77953,0.66,-23325,-2.21,Fusion,22,NoPop,,NoPop,,Federalist,15,17619,0.56,Democratic-Republican,15,42056,0.69,Democratic-Republican-Adams,15,39074,1.78,-23824,-2.77,National Republican,14,67619,0.95,-10737,-5.78,National Republican,14,74687,1.00,-7715,-9.28,Whig-Webster,14,126825,0.94,20497,5.61,Whig,12,132037,0.92,-14023,-8.41,Whig,12,134748,0.91,22739,5.24,Whig,13,127103,1.12,-8114,-17.10,Whig,13,170048,1.08,-68928,-2.58,Whig,13,169876,1.21,72314,2.78,Republican,12,175487,1.18,77997,2.66,Republican,12,195508,1.21,77276,3.02,Republican,13,192864,1.19,74260,3.10,Republican,13,259620,1.15,41287,7.18,Republican,13,282125,1.15,53515,6.07,Republican,14,303383,1.16,-24372,-14.41,Republican,14,344243,1.16,32302,12.31,Democrat,15,391028,1.04,-26001,-15.68,Republican,15,401568,1.16,173265,2.70,Republican,15,414804,1.13,81869,5.74,Republican,16,445109,1.02,92076,4.94,Republican,16,456919,1.08,110423,4.47,Republican,18,488056,1.04,17460,29.21,Democrat,18,531823,1.18,-20899,-30.07,Republican,18,993718,0.91,404462,2.24,Republican,18,1129837,0.87,422645,2.33,Republican,18,1577823,0.79,-17192,-72.57,Democrat,17,1580114,0.81,63189,20.14,Democrat,17,1840357,0.79,174103,8.39,Democrat,17,2026993,0.79,136822,11.68,Democrat,16,1960665,0.74,113946,12.69,Democrat,16,2107146,0.70,242418,6.06,Democrat,16,2383398,0.78,208800,8.91,Republican,16,2348506,0.80,445007,4.20,Republican,16,2469480,0.83,510424,4.02,Democrat,14,2344798,0.78,1236695,1.49,Democrat,14,2331752,0.82,-702374,-2.71,Democrat,14,2458756,0.82,-220462,-9.18,Democrat,14,2547557,0.83,399199,5.31,Democrat,14,2524298,0.89,3829,587.93,Republican,13,2559453,0.87,71330,31.39,Republican,13,2632805,0.84,-206762,-10.70,Democrat,12,2773574,0.84,513613,4.53,Democrat,12,2556785,0.84,853656,2.52,Democrat,12,2702984,0.87,-737985,-3.19,Democrat,12,2912388,0.94,-732691,-3.72,Democrat,12,3080985,0.95,795243,3.68,Democrat,11,3167767,0.83,732976,3.60,Democrat,11,3325046,0.84,-904303,-3.09,Democrat,11,3631402,0.89,1215000,2.67,Democrat
MI,Michigan,Midwest,Union,,,,,,,,,,,,,,,,,,,,,,,,,,,,,,,,,,,,,,,,,,,,,3,12667,1.26,1577,9.72,Democrat,3,44350,0.58,1837,13.40,Whig,5,55751,0.91,3362,14.62,Democrat,5,65082,0.79,-6795,-7.30,Democrat,6,82939,0.79,7982,8.02,Democrat,6,125561,0.67,-19623,-4.19,Whig,6,154549,0.62,23561,3.93,Republican,8,165279,0.84,16987,8.15,Republican,8,225620,0.70,31500,4.94,Republican,11,221455,0.88,60207,3.23,Republican,11,318450,0.79,25216,9.95,Republican,11,352777,0.78,53744,5.11,Republican,13,401186,0.81,-3308,-98.59,Republican,13,475356,0.78,22918,16.11,Democrat,14,466045,0.82,-21084,-18.05,Republican,14,545585,0.80,56170,7.77,Republican,14,544379,0.81,104584,4.19,Republican,14,525027,0.76,229565,1.73,Republican,14,541830,0.80,159809,2.70,Republican,15,550976,0.77,-62340,-6.82,Progressive,15,650973,0.80,-52322,-10.01,Republican,15,1048411,0.72,529415,1.43,Republican,15,1160419,0.71,722272,1.14,Republican,15,1372082,0.76,568634,1.83,Republican,19,1664765,0.85,131806,10.79,Democrat,19,1805098,0.90,317061,5.15,Democrat,19,2085929,0.86,-6926,-257.81,Republican,19,2205223,0.78,22476,76.38,Democrat,19,2109609,0.83,-35147,-49.67,Republican,20,2798592,0.83,320872,7.25,Republican,20,3080468,0.76,353749,6.60,Republican,20,3318097,0.77,66841,38.35,Democrat,21,3203102,0.86,1076463,2.56,Democrat,21,3306250,0.86,-222417,-12.85,Democrat,21,3490325,0.87,502286,6.04,Republican,21,3653749,0.87,-197028,-16.15,Republican,21,3909725,0.86,253693,13.31,Republican,20,3801658,0.91,721933,4.77,Republican,20,3669163,0.93,289703,11.75,Republican,18,4274673,0.82,316242,11.05,Democrat,18,3848844,0.84,508441,6.34,Democrat,18,4232501,0.83,-217279,-16.23,Democrat,17,4839252,0.80,-165437,-23.36,Democrat,17,5001766,0.83,823940,5.04,Democrat,16,4730961,0.81,449313,8.54,Democrat,16,4799284,0.85,10704,379.72,Republican,16,5539302,0.85,154188,30.55,Democrat
MN,Minnesota,Midwest,Union,,,,,,,,,,,,,,,,,,,,,,,,,,,,,,,,,,,,,,,,,,,,,,,,,,,,,,,,,,,,,,,,,,,,,,,,,,,,,,,,,4,34787,1.82,10149,6.09,Republican,4,42407,1.63,7655,9.04,Republican,4,71818,1.10,15626,4.98,Republican,5,90919,0.97,20497,4.31,Republican,5,124075,0.93,24368,4.68,Republican,5,150771,0.83,40587,3.08,Republican,7,190017,0.92,-41620,-4.22,Republican,7,263285,0.76,38107,5.22,Democrat,9,267238,0.92,-21903,-11.17,Republican,9,341762,0.82,53768,5.22,Republican,9,316311,0.89,77560,3.63,Republican,11,292860,1.07,161464,1.94,Republican,11,331304,1.02,86442,3.92,Republican,12,334219,1.02,-19430,-17.50,Progressive,12,387364,1.08,-392,-1068.64,Republican,12,735838,0.82,376427,1.61,Republican,12,822146,0.80,81567,8.06,Republican,12,970976,0.86,164526,5.06,Republican,11,1002843,0.82,236847,3.48,Democrat,11,1129975,0.84,348350,2.71,Democrat,11,1251188,0.83,47922,21.57,Democrat,11,1125529,0.88,62448,15.92,Democrat,11,1212226,0.83,209349,4.83,Democrat,11,1379483,0.93,154753,8.27,Republican,11,1340005,0.96,101777,12.62,Republican,11,1541887,0.91,22018,64.04,Democrat,10,1554462,0.84,431493,3.04,Democrat,10,1588510,0.86,-199095,-6.83,Democrat,10,1741652,0.83,95923,15.06,Republican,10,1949931,0.78,251045,6.04,Democrat,10,2051953,0.78,-80933,-19.87,Democrat,10,2084449,0.83,-3761,-457.90,Democrat,10,2096790,0.81,-147134,-11.57,Democrat,10,2347948,0.83,273156,7.11,Democrat,10,2192640,0.82,353962,5.06,Democrat,10,2438685,0.80,-58607,-33.43,Democrat,10,2828387,0.80,-98319,-23.12,Democrat,10,2910369,0.84,297945,8.19,Democrat,10,2936561,0.82,225942,10.62,Democrat,10,2944813,0.86,-44765,-56.75,Democrat,10,3277171,0.90,233012,12.63,Democrat
MS,Mississippi,South,Confederate,,,,,,,,,,,,,,,,,,,,,,,,,3,490,4.03,Democratic-Republican,3,4894,1.18,Democratic-Republican-Jackson,3,8344,1.67,5182,2.55,Democrat,4,5750,3.21,5750,3.08,Democrat,4,20079,1.06,515,39.70,Democrat,4,36525,0.93,2505,13.10,Whig,6,45004,1.36,6688,8.82,Democrat,6,52456,1.17,-634,-93.88,Democrat,7,44454,1.73,9338,8.00,Democrat,7,59647,1.65,11265,8.51,Democrat,7,69095,1.61,-15723,-6.88,Democrat-Breckenridge,,,,,,,,,,,,,8,129457,1.09,34893,4.05,Republican,8,164776,1.12,-59570,-3.06,Democrat,8,116401,1.72,-40896,-4.89,Democrat,9,120688,1.87,34618,6.52,Democrat,9,115786,2.21,-55356,-4.62,Republican,9,52519,4.66,29912,8.18,Democrat,9,69591,4.03,-58536,-4.79,Democrat,9,59055,4.77,-45999,-6.13,Democrat,10,58721,4.84,-50200,-5.66,Democrat,10,66904,4.61,-55924,-5.51,Democrat,10,64483,4.39,53775,5.27,Democrat,10,86679,4.03,76169,4.58,Democrat,10,82492,6.11,-57701,-8.74,Democrat,10,112462,4.87,-91980,-5.96,Democrat,10,151692,4.57,-97386,-7.12,Democrat,9,146034,4.61,134988,4.99,Democrat,9,162090,4.77,152875,5.06,Democrat,9,175824,4.81,160903,5.26,Democrat,9,180080,4.52,156878,5.18,Democrat,9,192190,4.30,-148154,-5.58,Dixiecrat,8,285532,3.26,-59600,-15.61,Democrat,8,248149,3.77,-83813,-11.15,Democrat,8,298171,3.44,7886,130.03,Democrat-Unpledged,7,409146,2.25,-303910,-3.02,Republican,7,654509,1.46,-264705,-3.60,American Independent,7,645963,1.57,378343,2.67,Republican,7,769360,1.38,14463,73.35,Democrat,7,892620,1.26,11808,95.32,Republican,7,940192,1.28,229285,5.26,Republican,7,931527,1.28,193969,6.14,Republican,7,981793,1.38,-87535,-15.52,Republican,7,893857,1.40,-45816,-27.34,Republican,7,994184,1.38,168230,8.15,Republican,6,1152145,1.18,226887,6.01,Republican,6,1289865,1.14,-169935,-8.62,Republican,6,1285584,1.12,-147797,-9.74,Republican,6,1209357,1.26,215583,7.07,Republican,6,1313894,1.34,-217281,-8.13,Republican
MO,Missouri,Midwest,Border,,,,,,,,,,,,,,,,,,,,,,,,,3,NoPop,,Democratic-Republican,3,3273,1.77,Democratic-Republican-Clay,3,11654,1.20,4810,2.74,Democrat,4,5192,3.55,5192,3.42,Democrat,4,18332,1.16,3658,5.59,Democrat,4,52923,0.64,-7015,-4.68,Democrat,7,72522,0.98,10122,6.80,Democrat,7,72748,0.99,-7406,-9.38,Democrat,9,68801,1.44,8833,10.88,Democrat,9,106486,1.19,9442,13.05,Democrat,9,165563,0.86,-429,-324.12,Democrat-Douglas,11,104346,1.82,41154,4.63,Republican,11,152488,1.42,21232,10.08,Republican,15,273059,0.97,-32238,-8.23,Democrat,15,350610,0.98,-57059,-6.00,Democrat,15,400311,0.94,-55042,-6.81,Democrat,16,441268,0.91,32942,12.19,Democrat,16,521360,0.87,-25691,-17.69,Republican,17,541583,0.85,40754,11.34,Democrat,17,673906,0.79,-58727,-9.03,Democrat,17,683656,0.78,-37830,-14.07,Democrat,18,643861,0.79,25137,20.35,Republican,18,715927,0.78,629,882.16,Republican,18,698566,0.73,122925,4.15,Democrat,18,786769,0.80,28693,21.90,Democrat,18,1332800,0.68,152363,5.95,Republican,18,1307958,0.75,75733,13.02,Republican,18,1500721,0.83,171518,7.27,Republican,15,1609894,0.70,460693,2.44,Democrat,15,1828635,0.71,413152,3.12,Democrat,15,1833729,0.77,87467,16.12,Democrat,15,1572474,0.86,46280,29.28,Democrat,15,1578628,0.87,262276,5.26,Democrat,13,1892062,0.80,29599,51.08,Republican,13,1832562,0.83,-3984,-381.13,Democrat,13,1934422,0.86,9980,166.97,Democrat,12,1817879,0.87,510809,3.08,Democrat,12,1809502,0.90,20488,79.69,Republican,12,1852589,0.94,455527,3.81,Republican,12,1953600,0.93,70944,25.63,Democrat,12,2099824,0.92,142999,13.49,Republican,11,2122771,0.89,425605,4.45,Republican,11,2093228,0.89,83334,22.47,Republican,11,2391270,0.89,242714,8.80,Democrat,11,2158065,0.91,135919,14.48,Democrat,11,2359892,0.91,78786,27.35,Republican,11,2731364,0.92,196542,12.72,Republican,11,2925205,0.92,-3903,-687.90,Republican,10,2757323,0.87,-258644,-9.28,Republican,10,2808605,0.90,523443,4.85,Republican,10,3025962,0.97,-465722,-6.32,Republican
MT,Montana,West,Postbellum,,,,,,,,,,,,,,,,,,,,,,,,,,,,,,,,,,,,,,,,,,,,,,,,,,,,,,,,,,,,,,,,,,,,,,,,,,,,,,,,,,,,,,,,,,,,,,,,,,,,,,,,,,,,,,,,,,,,,,,,,,,,,,,,,3,44461,1.83,-1181,-69.04,Republican,3,53330,1.75,-32119,-2.91,Democrat,3,63856,1.47,-11902,-7.89,Democrat,3,64444,1.32,13159,6.48,Republican,3,68822,1.34,3007,30.75,Republican,4,79826,1.42,5485,20.66,Democrat,4,177679,0.79,34313,4.07,Democrat,4,179006,1.13,52058,3.87,Republican,4,174423,1.26,8015,27.35,Republican,4,194108,1.43,34722,7.99,Republican,4,216479,1.38,49208,6.09,Democrat,4,230512,1.49,96092,3.58,Democrat,4,247873,1.52,46119,8.15,Democrat,4,207355,1.74,19393,18.64,Democrat,4,224278,1.64,22301,16.48,Democrat,4,265037,1.76,51181,9.09,Republican,4,271171,1.72,38695,12.07,Republican,4,277579,1.85,6950,73.77,Republican,4,278628,1.88,51214,10.25,Democrat,4,274404,1.98,24718,22.02,Republican,4,317603,1.82,63779,9.06,Republican,4,328734,1.84,-24444,-24.80,Republican,4,363952,1.77,88782,7.24,Republican,4,384377,1.79,85708,8.04,Republican,4,365674,1.86,21476,31.71,Republican,3,410583,1.42,10300,56.53,Democrat,3,407261,1.32,-11730,-45.77,Republican,3,410997,1.43,103052,5.70,Republican,3,450445,1.51,92353,7.38,Republican,3,490302,1.49,-11096,-65.99,Republican,3,484048,1.49,-66089,-10.89,Republican,3,497147,1.53,101531,7.51,Republican,3,603674,1.46,-98816,-8.94,Republican
NE,Nebraska,Midwest,Postbellum,,,,,,,,,,,,,,,,,,,,,,,,,,,,,,,,,,,,,,,,,,,,,,,,,,,,,,,,,,,,,,,,,,,,,,,,,,,,,,,,,,,,,,,,,,,,,3,15291,3.86,4253,13.73,Republican,3,25932,2.05,10726,4.95,Republican,3,49328,1.40,14502,4.72,Republican,3,87452,0.86,26456,2.83,Republican,5,134202,0.93,-22521,-5.57,Republican,5,202632,0.70,27873,5.09,Democrat,8,200192,1.09,-4079,-53.31,Republican,8,223182,1.12,-11943,-20.89,Democrat,8,241430,1.04,7822,32.03,Republican,8,225732,1.01,85637,2.65,Republican,8,266799,0.92,-4102,-60.12,Democrat,8,249483,0.91,36327,6.24,Democrat,8,287315,0.97,41056,6.80,Democrat,8,382743,1.05,127890,3.15,Republican,8,464173,0.94,81296,5.39,Republican,8,547144,1.01,147786,3.75,Republican,7,570137,0.92,157905,3.32,Democrat,7,608023,0.99,99714,6.03,Democrat,7,615878,1.07,-88524,-7.43,Republican,6,563126,0.96,-96634,-5.61,Republican,6,488940,1.13,-40609,-13.58,Republican,6,609660,1.14,233546,2.99,Republican,6,577137,1.21,179079,3.91,Republican,6,613095,1.25,148011,5.20,Republican,5,584154,1.12,30460,21.55,Democrat,5,536851,1.27,150379,4.52,Republican,5,576289,1.25,236307,3.06,Republican,5,607668,1.25,-126013,-6.01,Republican,5,640854,1.25,253086,3.18,Republican,5,652090,1.32,272188,3.16,Republican,5,662372,1.29,138801,6.13,Republican,5,739283,1.31,-127002,-7.64,Republican,5,677415,1.32,-126706,-7.06,Republican,5,697019,1.41,202082,,Republican,5,778186,1.46,258486,,Republican,5,801281,1.52,-119660,,Republican,5,794379,1.51,-172983,,Republican,5,844227,1.50,211467,,Republican,2,956383,1.54,-182263,,Republican
NV,Nevada,West,Postbellum,,,,,,,,,,,,,,,,,,,,,,,,,,,,,,,,,,,,,,,,,,,,,,,,,,,,,,,,,,,,,,,,,,,,,,,,,,,,,,,,,,,,,,,2,16420,2.11,3232,10.71,Republican,3,11698,5.04,1262,46.27,Republican,3,14649,3.62,2177,24.37,Republican,3,19691,3.50,1075,63.67,Republican,3,18345,4.09,-881,-85.08,Democrat,3,12797,5.88,-1615,-46.60,Republican,3,12278,6.94,1939,43.94,Democrat,3,10878,7.50,-4453,-18.31,Populist,3,10314,9.07,-6438,-14.53,Democrat,3,10196,9.21,-2498,-37.61,Democrat,3,12115,7.04,2882,29.58,Republican,3,24526,3.77,-437,-211.62,Democrat,3,20115,4.23,2366,35.92,Democrat,3,33316,3.14,5649,18.54,Democrat,3,27194,5.56,5628,26.87,Republican,3,26921,6.11,1474,111.53,Republican,3,32417,6.41,4237,49.08,Republican,3,41430,5.42,16082,13.97,Democrat,3,43848,5.88,20002,12.89,Democrat,3,53174,5.30,10716,26.31,Democrat,3,54234,5.00,5012,54.08,Democrat,3,62117,4.44,1934,142.54,Democrat,3,82190,4.24,18814,18.54,Republican,3,96689,3.62,15409,22.74,Republican,3,107267,3.58,2493,154.25,Democrat,3,135433,2.91,23245,16.95,Democrat,3,154218,2.65,12590,32.42,Republican,3,181766,2.39,49734,8.72,Republican,3,201876,2.25,-8794,-51.70,Republican,3,247885,1.95,88351,5.46,Republican,4,286667,2.40,97115,7.09,Republican,4,350067,1.95,73302,9.29,Republican,4,506318,1.53,13320,58.29,Democrat,4,464279,1.54,4730,151.33,Democrat,4,608970,1.29,21597,36.29,Republican,5,829587,1.37,21500,52.86,Republican,5,967848,1.26,120909,10.09,Democrat,6,1014918,1.42,67806,21.23,Democrat,6,1125385,1.35,-27202,-56.03,Democrat,6,1405376,1.26,33596,52.58,Democrat
NH,New Hampshire,Northeast,Union,7,17474,0.47,702,11.68,Democratic-Republican,7,26878,0.48,-1292,-10.07,Federalist,8,36193,0.52,-4379,-4.28,Fusion,8,28563,0.27,1887,4.07,Democratic-Republican,8,9559,0.55,split,8,10032,1.54,Democratic-Republican-Adams,8,44035,0.84,-3611,-9.74,National Republican,7,43793,0.74,5917,5.24,Democrat,7,24925,1.49,12469,2.87,Democrat,7,59956,1.00,-6464,-8.89,Democrat,6,49187,1.24,9294,6.35,Democrat,6,50104,1.23,-12982,-4.58,Democrat,5,50535,1.09,13017,4.10,Democrat,5,69774,1.01,-5582,-12.26,Whig,5,65943,1.20,-11632,-6.64,Republican,5,69630,1.24,3562,24.29,Republican,5,68304,1.44,7143,13.62,Republican,5,68906,1.28,5743,15.40,Republican,5,80141,1.44,3030,37.65,Republican,5,86354,1.45,4058,30.78,Republican,4,84586,1.19,-4056,-24.74,Republican,4,90835,1.25,2272,50.00,Democrat,4,89329,1.22,-3577,-30.39,Republican,4,83670,1.49,35794,3.48,Republican,4,92364,1.36,19310,6.49,Republican,4,90161,1.26,20089,5.66,Republican,4,89600,1.38,19494,6.33,Republican,4,87961,1.29,1797,63.07,Democrat,4,89127,1.57,56,2493.49,Democrat,4,159092,1.27,32534,6.20,Republican,4,164769,1.33,41374,5.30,Republican,4,196757,1.41,34689,7.99,Republican,4,205520,1.46,-2949,-101.54,Republican,4,218114,1.58,3818,90.06,Democrat,4,235419,1.60,15165,24.79,Democrat,4,229625,1.57,9747,37.08,Democrat,4,231440,1.59,-13304,-27.63,Republican,4,272950,1.70,59624,7.80,Republican,4,266994,1.75,86155,5.42,Republican,4,295761,1.73,20217,25.36,Republican,4,286094,1.84,78036,6.73,Democrat,4,297298,1.83,24314,22.38,Republican,4,334055,1.73,97289,5.94,Republican,4,339618,1.78,-38300,-15.83,Republican,4,383999,1.67,112841,5.70,Republican,4,388954,1.77,146656,4.70,Republican,4,450525,1.51,117841,5.78,Republican,4,537215,1.45,6556,118.42,Democrat,4,499175,1.43,49682,14.41,Democrat,4,569081,1.38,7211,108.68,Republican,4,677738,1.34,-9274,-98.04,Democrat,4,710970,1.37,68292,14.30,Democrat,4,710972,1.35,39643,24.21,Democrat,4,744296,1.37,-2736,-371.39,Democrat,4,806182,1.46,59267,19.87,Democrat
NJ,New Jersey,Northeast,Union,8,13138,0.71,13100,0.72,Democratic-Republican,8,33357,0.45,3983,3.73,Democratic-Republican,8,NoPop,,NoPop,,Fusion,8,5495,1.40,5387,1.43,Democratic-Republican,8,4107,1.28,Democratic-Republican,8,19837,0.78,Democratic-Republican-Jackson,8,45570,0.82,-1944,-18.10,National Republican,8,47760,0.77,360,98.51,Democrat,8,51729,0.82,-545,-75.03,Whig-Harrison,8,64454,1.06,2317,28.33,Whig,7,75944,0.94,-823,-83.63,Whig,7,77735,0.92,3114,22.30,Whig,7,83220,0.92,5749,13.00,Democrat,7,99396,0.99,22828,4.20,Democrat,7,121215,0.92,-4523,-23.91,Republican,7,128744,0.94,-7296,-16.60,Democrat,7,163132,0.84,-2870,-47.47,Democrat,9,168112,0.95,15200,10.47,Republican,9,220193,0.94,-12445,-16.50,Democrat,9,245928,0.91,-2010,-111.87,Democrat,9,260921,0.87,4358,51.81,Democrat,9,303801,0.84,-7148,-35.76,Republican,10,337623,0.81,14965,18.16,Democrat,10,371211,0.84,87840,3.55,Republican,10,401050,0.78,56899,5.50,Republican,12,432547,0.79,80598,4.23,Republican,12,467111,0.79,82776,4.47,Republican,14,432739,0.92,32879,12.06,Democrat,14,494442,0.99,-57964,-8.43,Republican,14,903943,0.78,354654,1.99,Republican,14,1086079,0.71,377419,2.03,Republican,14,1548195,0.63,309123,3.14,Republican,16,1629507,0.74,30988,38.65,Democrat,16,1820437,0.76,364128,3.78,Democrat,16,1974214,0.76,71528,21.02,Democrat,16,1963761,0.74,26539,54.47,Democrat,16,1949555,0.75,-85669,-17.16,Republican,16,2419554,0.77,358711,5.19,Republican,16,2484312,0.75,756605,2.47,Republican,16,2773111,0.74,22091,92.84,Democrat,17,2846770,0.78,903828,2.47,Democrat,17,2875395,0.80,61261,37.76,Republican,17,2997229,0.82,743291,3.31,Republican,17,3014472,0.85,-65035,-39.61,Republican,17,2975684,0.92,399193,6.85,Republican,16,3217862,0.86,672307,4.10,Republican,16,3099553,0.88,422840,6.44,Republican,15,3343594,0.87,79341,36.70,Democrat,15,3075807,0.87,549251,4.89,Democrat,15,3187226,0.92,-504677,-5.82,Democrat,15,3611691,0.94,-241427,-14.12,Democrat,15,3868237,0.95,602215,6.08,Democrat,14,3640292,0.92,647533,5.19,Democrat,14,3874046,0.92,-546345,-6.51,Democrat,14,4549353,0.91,725061,5.68,Democrat
NM,New Mexico,West,Postbellum,,,,,,,,,,,,,,,,,,,,,,,,,,,,,,,,,,,,,,,,,,,,,,,,,,,,,,,,,,,,,,,,,,,,,,,,,,,,,,,,,,,,,,,,,,,,,,,,,,,,,,,,,,,,,,,,,,,,,,,,,,,,,,,,,,,,,,,,,,,,,,,,,,,,,,,,,,,,,,,3,49376,1.72,2704,31.43,Democrat,3,66787,1.57,2375,44.10,Democrat,3,105406,1.43,10966,13.79,Republican,3,112830,1.46,6203,26.50,Republican,3,118014,1.76,21434,9.70,Republican,3,151606,1.48,40872,5.49,Democrat,3,169176,1.52,44310,5.82,Democrat,3,183258,1.54,24384,11.56,Democrat,4,152225,2.37,10701,33.77,Democrat,4,187063,1.96,25161,14.61,Democrat,4,238608,1.95,26509,17.55,Republican,4,253926,1.84,40690,11.48,Republican,4,311107,1.65,2294,223.50,Democrat,4,327615,1.60,62179,8.45,Democrat,4,327281,1.66,39611,13.74,Republican,4,385931,1.50,94522,6.12,Republican,4,416590,1.46,-10271,-59.02,Republican,4,456237,1.41,82953,7.75,Republican,5,514370,1.67,105332,8.18,Republican,5,521287,1.63,25844,32.94,Republican,5,569986,1.70,48793,19.89,Democrat,5,556074,1.61,40744,21.96,Democrat,5,598605,1.64,-366,-2676.51,Democrat,5,756304,1.50,5988,189.81,Republican,5,830158,1.47,125590,9.72,Democrat,5,783758,1.53,79547,15.08,Democrat,5,798319,1.59,-65567,-19.37,Democrat,5,923965,1.59,99720,14.76,Democrat
NY,New York,Northeast,Union,19,NoPop,,NoPop,,Democratic-Republican,19,NoPop,,NoPop,,split,29,NoPop,,NoPop,,Fusion,29,NoPop,,NoPop,,Democratic-Republican,29,NoPop,,Democratic-Republican,36,NoPop,,split,36,270975,0.62,7849,20.17,Democrat,42,323393,0.60,13601,13.69,Democrat,42,305343,0.73,28247,7.60,Democrat,42,441543,0.81,13268,25.98,Whig,36,485882,0.75,5106,69.32,Democrat,36,455944,0.81,98086,3.64,Whig,35,522294,0.74,27201,13.74,Democrat,35,596486,0.83,-80126,-5.98,Whig,35,675156,0.82,50136,10.79,Republican,33,730721,0.78,6749,84.61,Republican,33,849771,0.76,-9995,-64.26,Democrat,35,828020,0.75,53456,11.58,Republican,35,1015503,0.79,-32742,-24.39,Democrat,35,1103945,0.79,21033,41.58,Republican,36,1167169,0.77,1149,786.04,Democrat,36,1319748,0.77,14373,71.14,Republican,36,1336793,0.73,45518,21.50,Democrat,36,1423876,0.79,268469,4.18,Republican,36,1548042,0.73,143551,7.85,Republican,39,1617770,0.68,175552,6.31,Republican,39,1638350,0.73,202602,5.93,Republican,45,1588315,0.80,200086,6.37,Democrat,45,1706305,0.92,-119812,-13.11,Republican,45,2898513,0.78,1089929,2.08,Republican,45,3263939,0.76,869262,2.84,Republican,45,4405626,0.71,103481,30.14,Republican,47,4688614,0.75,596996,5.89,Democrat,47,5596398,0.72,1112552,3.63,Democrat,47,6301596,0.70,224440,19.68,Democrat,47,6316790,0.67,316591,13.41,Democrat,47,6177337,0.70,-60959,-70.85,Republican,45,7128241,0.73,848214,6.17,Republican,45,7092860,0.74,1589571,3.31,Republican,45,7291079,0.79,383666,15.03,Democrat,43,7166015,0.79,2669597,2.11,Democrat,43,6790066,0.86,-370538,-15.79,Democrat,41,7161830,0.83,1241694,4.77,Republican,41,6525225,0.95,288767,21.52,Democrat,41,6201959,1.06,165459,39.85,Republican,36,6806810,0.91,545154,11.37,Republican,36,6485683,0.95,-266011,-23.04,Democrat,33,6926925,0.92,1097801,5.83,Democrat,33,6316129,0.93,1822685,3.24,Democrat,33,6821999,0.95,-1704323,-3.79,Democrat,31,7391036,0.95,-1351713,-5.21,Democrat,31,7640931,0.99,2052174,3.69,Democrat,29,7081159,0.98,1995310,3.49,Democrat,29,7721453,0.95,-1736590,-4.24,Democrat,29,8594826,0.99,1986187,4.30,Democrat
NC,North Carolina,South,Confederate,14,2178,7.53,130,126.15,Democratic-Republican,14,17283,1.51,1306,,split,15,NoPop,,NoPop,,Democratic-Republican,15,9707,1.49,9391,1.54,Democratic-Republican,15,3370,2.93,Democratic-Republican,15,36109,0.80,Democratic-Republican-Jackson,15,51747,1.35,23896,2.76,Democrat,15,29799,2.32,20723,3.21,Democrat,15,50153,1.59,3110,24.65,Democrat,15,80735,1.58,12399,9.93,Whig,11,82521,1.35,-3945,-27.42,Whig,11,79826,1.41,8282,13.18,Whig,10,78891,1.39,735,145.23,Democrat,10,84963,1.66,11523,11.88,Democrat,10,96712,1.64,-3717,-41.57,Democrat-Breckenridge,,,,,,,9,181498,0.98,12380,14.15,Republican,10,165163,1.07,24642,7.18,Republican,10,233911,0.98,-16943,-13.47,Democrat,10,241208,1.04,-8334,-29.98,Democrat,11,268356,1.03,17884,15.43,Democrat,11,285563,1.09,-13118,-23.82,Republican,11,280270,1.07,32605,9.17,Democrat,11,331337,1.04,-19286,-17.79,Democrat,11,292518,1.18,-24736,-13.93,Democrat,12,207818,1.64,-41649,-8.19,Democrat,12,252554,1.46,-22041,-16.78,Democrat,12,243776,1.39,75272,4.52,Democrat,12,289837,1.45,47493,8.82,Democrat,12,538741,1.12,-72599,-8.33,Democrat,12,482687,1.36,-92517,-7.11,Democrat,12,635150,1.31,62696,13.27,Republican,13,711501,1.37,289222,3.36,Democrat,13,839464,1.33,392858,2.84,Democrat,13,822648,1.49,395382,3.09,Democrat,14,790554,1.60,264244,4.79,Democrat,14,791209,1.63,200498,6.42,Democrat,14,1210910,1.34,-94696,-17.19,Democrat,14,1165592,1.40,-15468,-105.72,Democrat,14,1368556,1.31,57716,31.09,Democrat,13,1424983,1.20,175295,9.74,Democrat,13,1587493,1.11,131004,13.50,Republican,13,1518612,1.24,616184,3.05,Republican,13,1677906,1.17,185405,10.63,Democrat,13,1855833,1.13,39383,53.08,Republican,13,2175361,1.03,522194,4.29,Republican,13,2134370,1.04,347091,6.38,Republican,14,2611850,1.04,-20619,-131.79,Republican,14,2515807,1.00,-118089,-21.22,Republican,14,2911262,0.94,373471,7.34,Republican,15,3501007,0.97,435317,7.83,Republican,15,4310789,0.85,14177,258.25,Democrat,15,4505372,0.80,-92004,-39.12,Democrat,15,4741564,0.80,173315,21.99,Republican,15,5524804,0.80,-74483,-59.29,Republican
ND,North Dakota,Midwest,Postbellum,,,,,,,,,,,,,,,,,,,,,,,,,,,,,,,,,,,,,,,,,,,,,,,,,,,,,,,,,,,,,,,,,,,,,,,,,,,,,,,,,,,,,,,,,,,,,,,,,,,,,,,,,,,,,,,,,,,,,,,,,,,,,,,,,3,36118,2.26,-181,-450.50,Populist,3,47391,1.97,5649,16.56,Republican,3,84216,1.12,13141,7.15,Republican,4,70014,1.62,38322,2.97,Republican,4,94525,1.30,24795,4.97,Republican,5,86580,1.64,3829,37.00,Democrat,5,115390,1.51,1735,100.60,Democrat,5,205776,1.22,122650,2.05,Republican,5,199081,1.38,5009,54.70,Republican,5,239867,1.44,24793,13.98,Republican,4,256290,1.17,106578,2.81,Democrat,4,273716,1.26,90397,3.80,Democrat,4,280775,1.34,-30554,-12.30,Republican,4,220171,1.64,-18391,-19.65,Republican,4,220716,1.67,-19327,-19.02,Republican,4,270127,1.72,115018,4.04,Republican,4,253991,1.84,60024,7.78,Republican,4,278431,1.84,30347,16.90,Republican,4,258389,2.03,41577,12.63,Democrat,4,247882,2.20,43900,12.40,Republican,3,280514,1.55,73725,5.88,Republican,3,297094,1.53,-17392,-26.14,Republican,3,301545,1.60,114506,4.21,Republican,3,308971,1.67,95907,5.39,Republican,3,297261,1.72,38820,13.16,Republican,3,308133,1.89,-37076,-15.71,Republican,3,266411,2.02,-18145,-29.59,Republican,3,288256,2.04,79568,7.39,Republican,3,312833,2.18,85599,7.97,Republican,3,316621,2.31,-27323,-26.80,Republican,3,322627,2.23,-63336,-11.36,Republican,3,344360,2.21,123036,6.19,Republican,3,361819,2.44,-120693,-7.32,Republican
OH,Ohio,Midwest,Union,3,2957,1.19,2229,1.58,Democratic-Republican,3,5993,0.93,2471,2.26,Democratic-Republican,7,10721,1.53,4119,3.98,Democratic-Republican,8,3919,1.96,27333,0.28,Democratic-Republican,8,7198,0.73,Democratic-Republican,16,50024,0.62,Democratic-Republican-Clay,16,131049,0.57,4143,16.99,Democrat,21,158294,0.61,4707,19.78,Democrat,21,202333,0.55,-8720,-12.31,Whig-Harrison,21,273842,0.65,23375,7.37,Whig,23,312224,0.75,-6052,-37.37,Whig,23,328479,0.72,-16414,-13.90,Democrat,23,353188,0.71,16410,14.96,Democrat,23,386497,0.84,-16623,-18.94,Whig,23,432862,0.84,34388,10.33,Republican,21,471283,0.77,60065,6.05,Republican,21,518788,0.80,41546,9.84,Republican,22,529436,0.73,37531,10.37,Republican,22,658649,0.77,7516,66.78,Republican,22,724967,0.76,34227,16.06,Republican,23,784610,0.74,-31802,-18.14,Republican,23,840361,0.78,19599,33.33,Democrat,23,850164,0.74,-1072,-583.16,Republican,23,1014295,0.71,48494,14.79,Republican,23,1040073,0.69,69036,10.43,Republican,23,1004393,0.65,255421,2.56,Republican,23,1121552,0.63,69591,10.19,Republican,24,1037094,0.66,146666,4.64,Democrat,24,1165086,0.72,89408,9.37,Democrat,24,2021653,0.60,401985,3.01,Republican,24,2016237,0.65,698242,1.88,Republican,24,2508346,0.66,763336,2.18,Republican,26,2609728,0.75,74376,26.17,Democrat,26,3012589,0.74,619285,3.61,Democrat,26,3319912,0.74,146366,16.69,Democrat,25,3153056,0.72,-11530,-195.91,Republican,25,2936071,0.78,7107,323.24,Democrat,25,3700758,0.79,500024,5.81,Republican,25,3702265,0.79,822955,3.55,Republican,25,4161859,0.77,273363,11.72,Republican,26,3969196,0.86,1027466,3.32,Democrat,26,3959698,0.89,90428,39.12,Republican,25,4094787,0.88,882938,4.09,Republican,25,4111873,0.92,11116,340.83,Democrat,25,4283603,0.94,454131,8.85,Republican,23,4547619,0.87,853120,4.64,Republican,23,4393699,0.89,476920,8.21,Republican,21,4939964,0.83,90632,44.97,Democrat,21,4534434,0.83,288339,13.03,Democrat,21,4705457,0.87,165019,24.93,Republican,20,5627908,0.81,118601,38.33,Republican,20,5708350,0.86,262224,18.62,Democrat,18,5580847,0.77,166272,25.97,Democrat,18,5496487,0.83,446841,10.23,Republican,18,5922202,0.89,-475669,-11.14,Republican
OK,Oklahoma,South,Postbellum,,,,,,,,,,,,,,,,,,,,,,,,,,,,,,,,,,,,,,,,,,,,,,,,,,,,,,,,,,,,,,,,,,,,,,,,,,,,,,,,,,,,,,,,,,,,,,,,,,,,,,,,,,,,,,,,,,,,,,,,,,,,,,,,,,,,,,,,,,,,,,,,,,,,,,,,,7,256917,0.84,-11889,-18.15,Democrat,10,253801,1.12,28370,9.99,Democrat,10,292753,1.19,50880,6.86,Democrat,10,486610,1.04,26778,18.82,Republican,10,528415,1.04,-29556,-18.54,Democrat,10,618427,1.12,174872,3.96,Republican,11,704633,1.17,328303,2.51,Democrat,11,749740,1.26,255947,3.69,Democrat,11,826212,1.25,125441,8.24,Democrat,10,722636,1.25,82125,11.00,Democrat,10,721599,1.27,183965,4.99,Democrat,8,948984,0.98,87106,10.68,Republican,8,859350,1.09,88188,10.60,Republican,8,903150,1.14,162928,6.29,Republican,8,932499,1.13,107169,9.80,Democrat,8,943086,1.15,148039,7.35,Republican,8,1029900,1.12,511878,2.26,Republican,8,1092251,1.11,-13266,-91.39,Republican,8,1149708,1.12,293544,4.38,Republican,8,1255676,1.10,476450,2.89,Republican,8,1171036,1.16,194944,6.99,Republican,8,1390359,1.12,-119863,-12.95,Republican,8,1206713,1.19,-94210,-15.20,Republican,8,1234229,1.27,270061,5.80,Republican,7,1463758,1.09,455826,3.49,Republican,7,1462661,1.17,-457669,-3.73,Republican,7,1334872,1.26,-447778,-3.75,Republican,7,1452992,1.22,528761,3.36,Republican,7,1560699,1.32,-516390,-3.99,Republican
OR,Oregon,West,Union,,,,,,,,,,,,,,,,,,,,,,,,,,,,,,,,,,,,,,,,,,,,,,,,,,,,,,,,,,,,,,,,,,,,,,,,,,,,,,,,,3,14761,3.23,270,171.67,Republican,3,18345,2.83,1431,36.28,Republican,3,22086,2.67,-164,-356.05,Democrat,3,20147,2.63,4076,13.01,Republican,3,29881,2.31,1057,64.75,Republican,3,40819,1.84,664,112.88,Republican,3,52682,1.43,-2256,-33.36,Republican,3,61853,1.38,6769,12.59,Democrat,4,78491,1.39,-8037,-13.53,Republican,4,97414,1.28,2040,61.14,Republican,4,83251,1.50,13362,9.37,Republican,4,90154,1.26,42934,2.65,Republican,4,110889,1.11,24481,5.04,Republican,5,137040,1.03,9464,14.97,Democrat,5,261650,0.67,-6726,-25.95,Republican,5,238522,1.06,63573,3.96,Republican,5,279488,0.98,74176,3.69,Republican,5,319942,1.08,96118,3.61,Republican,5,368808,1.01,77852,4.81,Democrat,5,414021,1.04,144027,2.98,Democrat,5,481240,0.98,38860,12.09,Democrat,6,480147,1.13,23270,23.30,Democrat,6,524080,1.05,-17757,-31.05,Republican,6,695059,1.00,150236,4.64,Republican,6,735597,0.95,77189,9.08,Republican,6,776421,0.99,40658,18.92,Republican,6,786305,1.00,218238,3.61,Democrat,6,819622,1.00,49567,16.47,Republican,6,927946,0.93,93926,9.23,Republican,6,1029876,0.88,-1713,-530.81,Republican,6,1181516,0.82,114154,8.45,Republican,7,1226527,0.98,149221,8.08,Republican,7,1201694,0.99,-56080,-21.25,Democrat,7,1462643,0.93,145557,9.33,Democrat,7,1377760,0.91,111489,11.24,Democrat,7,1533968,0.89,-6765,-202.73,Democrat,7,1836782,0.87,-76332,-20.85,Democrat,7,1827864,0.93,298816,5.72,Democrat,7,1789270,0.94,216313,7.76,Democrat,7,2001336,0.89,-219703,-8.09,Democrat,7,2374321,0.87,381935,5.40,Democrat
PA,Pennsylvania,Northeast,Union,20,23320,1.00,20842,1.12,Democratic-Republican,20,54253,0.69,30783,1.21,Democratic-Republican,25,79262,0.74,19988,2.93,Democratic-Republican,25,43346,0.55,8152,2.95,Democratic-Republican,24,32206,0.49,Democratic-Republican,28,47252,1.14,Democratic-Republican-Jackson,28,152220,0.85,50694,2.43,Democrat,30,158638,0.87,25260,5.26,Democrat,30,178692,0.89,4222,36.32,Democrat,30,288026,0.89,334,737.11,Whig,26,331572,0.80,6322,40.44,Democrat,26,368552,0.72,13337,19.34,Whig,27,387389,0.76,19458,14.81,Democrat,27,460161,0.83,83400,4.43,Democrat,27,476442,0.90,89159,4.68,Republican,26,573735,0.78,18849,23.87,Republican,26,655662,0.78,28898,17.51,Republican,29,563262,0.91,137548,3.73,Republican,29,758993,0.88,17980,36.80,Republican,29,874783,0.83,37276,19.44,Republican,30,903864,0.83,-86019,-8.75,Republican,30,997568,0.85,79458,10.72,Democrat,32,1003010,0.87,-63747,-13.64,Republican,32,1194355,0.84,295072,3.38,Republican,32,1173210,0.85,288433,3.47,Republican,34,1236738,0.78,502951,1.92,Republican,34,1267450,0.83,296997,3.53,Republican,38,1217736,0.88,-49257,-21.86,Progressive,38,1297189,1.02,-182039,-7.29,Republican,38,1852616,1.03,714373,2.68,Republican,38,2144850,0.97,992289,2.10,Republican,38,3150610,0.84,987796,2.67,Republican,36,2859177,0.94,-157592,-17.10,Republican,36,4138426,0.75,663787,4.66,Democrat,36,4078714,0.83,281187,12.03,Democrat,35,3794793,0.83,105425,30.00,Democrat,35,3735148,0.86,-149771,-21.47,Republican,32,4580969,0.81,269520,13.81,Republican,32,4576503,0.82,603483,6.19,Republican,32,5006541,0.82,116326,35.26,Democrat,29,4822690,0.79,1457297,2.61,Democrat,29,4747928,0.83,-169388,-23.29,Democrat,27,4592105,0.85,917570,4.25,Republican,27,4620787,0.89,123073,33.25,Democrat,27,4561501,0.95,324332,13.39,Republican,25,4844903,0.89,356192,12.09,Republican,25,4536251,0.94,105143,40.48,Republican,23,4959810,0.90,447323,9.98,Democrat,23,4506118,0.91,414650,9.93,Democrat,23,4913119,0.92,-204840,-22.00,Democrat,21,5769590,0.83,-144248,-33.09,Democrat,21,6013272,0.85,620478,8.26,Democrat,20,5753670,0.83,309840,15.49,Democrat,20,6165478,0.82,44292,114.71,Republican,20,6915283,0.85,80555,73.09,Democrat
RI,Rhode Island,Northeast,Union,4,1312,3.57,1312,3.57,Democratic-Republican,4,5764,1.29,-380,-19.57,Federalist,4,6116,1.53,-1948,-4.81,Fusion,4,1236,3.11,1236,3.11,Democratic-Republican,4,724,3.64,Democratic-Republican,4,2345,3.29,Democratic-Republican-Adams,4,3580,5.19,-1935,-9.09,National Republican,4,4936,3.73,-684,-25.92,National Republican,4,5674,3.74,254,80.50,Democrat,4,8621,3.96,1977,16.60,Whig,4,12296,3.31,-2455,-16.02,Whig,4,11155,3.67,3133,12.67,Whig,4,17005,2.58,1109,38.50,Democrat,4,19822,2.84,-4787,-11.44,Whig,4,19951,3.18,4537,13.62,Republican,4,23067,3.00,5631,12.29,Republican,4,19541,4.03,6445,12.08,Republican,4,18994,3.72,8336,8.49,Republican,4,26627,3.46,5075,17.98,Republican,4,29235,3.42,7416,13.48,Republican,4,32771,3.06,-6639,-15.12,Republican,4,40775,2.79,4439,25.59,Democrat,4,53196,2.04,-2639,-41.20,Republican,4,54785,2.28,22978,5.43,Republican,4,56548,2.22,13972,8.96,Republican,4,68656,1.66,16766,6.78,Republican,4,72317,1.71,19236,6.41,Republican,5,77894,1.82,2709,52.29,Democrat,5,87816,1.99,-4464,-39.10,Republican,5,167981,1.50,52401,4.81,Republican,5,210115,1.30,48680,5.63,Republican,5,237194,1.46,-1451,-238.86,Democrat,4,266170,1.13,31338,9.56,Democrat,4,311178,1.11,40207,8.55,Democrat,4,321148,1.17,43529,8.64,Democrat,4,299276,1.21,51869,6.97,Democrat,4,327702,1.12,52949,6.94,Democrat,4,414498,1.12,7642,60.87,Republican,4,387609,1.21,64029,7.30,Republican,4,405535,1.26,110530,4.64,Democrat,4,390091,1.35,240848,2.18,Democrat,4,385000,1.41,-124159,-4.38,Democrat,4,415808,1.39,25738,22.46,Republican,4,411170,1.47,46387,13.07,Democrat,4,416072,1.55,-43549,-14.77,Democrat,4,410492,1.68,14974,46.00,Republican,4,404620,1.68,-47362,-14.38,Democrat,4,453477,1.71,81698,9.50,Democrat,4,390284,1.83,128367,5.58,Democrat,4,409112,1.92,-118953,-6.59,Democrat,4,437134,2.08,-90719,-10.02,Democrat,4,471766,2.07,131180,7.44,Democrat,4,446049,2.15,122473,7.84,Democrat,4,464144,2.19,-71982,-14.12,Democrat,4,517757,2.27,107564,10.95,Democrat
SC,South Carolina,South,Confederate,10,NoPop,,NoPop,,Democratic-Republican,10,NoPop,,NoPop,,Democratic-Republican,11,NoPop,,NoPop,,Democratic-Republican,11,NoPop,,NoPop,,Democratic-Republican,11,NoPop,,Democratic-Republican,11,NoPop,,Democratic-Republican-Jackson,11,NoPop,,NoPop,,Democrat,11,NoPop,,NoPop,,Nullifier,11,NoPop,,NoPop,,Whig-Mangum,11,NoPop,,NoPop,,Democrat,9,NoPop,,NoPop,,Democrat,9,NoPop,,NoPop,,Democrat,8,NoPop,,NoPop,,Democrat,8,NoPop,,NoPop,,Democrat,8,NoPop,,NoPop,,Democrat-Breckenridge,,,,,,,6,107538,1.10,17064,6.84,Republican,7,95452,1.30,49591,2.50,Republican,7,182683,0.88,889,179.64,Republican,7,170949,1.02,-54241,-3.22,Democrat,9,92812,2.43,48115,4.69,Democrat,9,79997,3.20,-52088,-4.91,Republican,9,70504,3.47,41335,5.92,Democrat,9,68938,4.07,-49488,-5.67,Democrat,9,50812,5.55,-43654,-6.46,Democrat,9,55118,4.64,-50009,-5.11,Democrat,9,66379,4.18,-58343,-4.76,Democrat,9,50350,5.06,47064,5.42,Democrat,9,63952,4.91,60296,5.21,Democrat,9,66808,6.79,-61560,-7.37,Democrat,9,50752,9.72,-47885,-10.30,Democrat,9,68605,9.09,-56842,-10.98,Democrat,8,104407,5.74,100369,5.97,Democrat,8,115437,5.96,112145,6.13,Democrat,8,99832,7.53,91110,8.25,Democrat,8,103375,6.99,82802,8.73,Democrat,8,142571,5.16,-68184,-10.78,Dixiecrat,8,341086,2.73,-4922,-189.02,Democrat,8,300583,3.11,-47863,-19.52,Democrat,8,386688,2.65,9571,107.14,Democrat,8,524756,2.00,-93348,-11.25,Republican,8,666982,1.63,38632,28.18,Republican,8,677880,1.71,289157,4.00,Republican,8,802594,1.51,104685,11.58,Democrat,8,890083,1.45,13647,94.26,Republican,8,968540,1.42,271069,5.08,Republican,8,986009,1.38,235889,5.77,Republican,8,1202527,1.29,-97993,-15.85,Republican,8,1149457,1.25,-69407,-20.63,Republican,8,1382717,1.13,220376,7.11,Republican,8,1617730,1.12,276275,6.58,Republican,8,1920969,1.02,-172447,-11.32,Republican,9,1964118,1.10,-205704,-10.50,Republican,9,2103027,1.09,300016,7.62,Republican,9,2513329,1.05,-293562,-9.03,Republican
SD,South Dakota,Midwest,Postbellum,,,,,,,,,,,,,,,,,,,,,,,,,,,,,,,,,,,,,,,,,,,,,,,,,,,,,,,,,,,,,,,,,,,,,,,,,,,,,,,,,,,,,,,,,,,,,,,,,,,,,,,,,,,,,,,,,,,,,,,,,,,,,,,,,4,70513,1.54,-8344,-13.03,Republican,4,82950,1.50,-183,-681.59,Democrat,4,96124,1.30,14986,8.36,Republican,4,101395,1.12,50114,2.27,Republican,4,114775,1.07,27270,4.52,Republican,5,116325,1.22,-9869,-14.35,Progressive,5,128942,1.35,-5026,-34.73,Republican,5,182237,1.38,74754,3.37,Republican,5,203868,1.34,25944,10.56,Republican,5,261865,1.32,54943,6.31,Republican,4,288438,1.04,84303,3.55,Democrat,4,296472,1.16,34160,10.07,Democrat,4,308427,1.22,-45703,-8.23,Republican,4,232076,1.56,-38654,-9.35,Republican,4,250105,1.47,-11998,-30.64,Republican,4,294283,1.58,113431,4.10,Republican,4,293857,1.59,49281,9.48,Republican,4,306487,1.67,50347,10.18,Republican,4,293118,1.79,32902,15.96,Democrat,4,281264,1.93,31818,17.10,Republican,4,307415,1.88,26531,21.79,Republican,4,300678,2.02,-4437,-136.62,Republican,4,327703,1.96,94488,6.81,Republican,3,317867,1.63,84154,6.14,Republican,3,312991,1.63,19855,25.72,Republican,3,336254,1.73,-11830,-49.22,Republican,3,323826,1.66,-11210,-47.89,Republican,3,316269,1.86,71896,8.18,Republican,3,388215,1.76,83340,8.18,Republican,3,381975,1.92,-32130,-22.79,Republican,3,363815,1.98,-65571,-10.98,Republican,3,370093,2.06,110263,6.91,Republican,3,422609,2.09,-110572,-7.99,Republican
TN,Tennessee,South,Confederate,5,778,7.53,778,7.53,Democratic-Republican,5,1027,9.05,1005,9.25,Democratic-Republican,8,NoPop,,NoPop,,Democratic-Republican,8,NoPop,,NoPop,,Democratic-Republican,8,1663,3.17,Democratic-Republican,11,20725,1.02,Democratic-Republican-Jackson,11,46533,1.10,42053,1.15,Democrat,15,29425,2.35,26731,2.49,Democrat,15,62197,1.28,-9857,-7.78,Whig-White,15,108145,1.18,12243,10.05,Whig,13,119957,1.10,-123,-1039.18,Whig,13,122463,1.09,6179,20.87,Whig,12,115486,1.14,-1686,-75.97,Whig,12,133582,1.26,5826,28.19,Democrat,12,146106,1.30,-4631,-40.03,Constitutional Union,10,Rejected,,Rejected,,,10,82757,2.38,30499,6.38,Republican,12,179046,1.19,-7736,-27.43,Democrat,12,222743,1.24,-43611,-6.28,Democrat,12,242828,1.23,-21514,-13.94,Democrat,12,259978,1.16,9669,31.14,Democrat,12,303694,1.12,-19721,-17.28,Republican,12,265732,1.23,35931,9.08,Democrat,12,320903,1.17,-18485,-20.24,Democrat,12,273860,1.37,-22132,-16.98,Democrat,12,242750,1.40,-26290,-12.97,Democrat,12,257180,1.44,-17631,-20.98,Democrat,12,251933,1.35,72546,4.69,Democrat,12,272190,1.54,37057,11.30,Democrat,12,428626,1.41,13271,45.58,Republican,12,300275,2.19,-27655,-23.78,Democrat,12,363473,2.29,28045,29.66,Republican,11,390256,2.11,132721,6.20,Democrat,11,476538,1.98,181563,5.21,Democrat,11,522823,1.98,182448,5.67,Democrat,12,510692,2.12,108396,10.00,Democrat,12,550283,2.00,67488,16.34,Democrat,11,892553,1.43,2437,524.92,Republican,11,939404,1.37,5781,222.25,Republican,11,1051792,1.34,75124,18.77,Republican,11,1143946,1.26,125982,11.46,Democrat,11,1248617,1.20,47800,31.31,Republican,10,1201182,1.20,455854,3.17,Republican,10,1476346,1.03,191910,7.90,Democrat,10,1617616,0.99,4710,341.40,Republican,11,1711993,1.11,278498,6.80,Republican,11,1636250,1.14,267439,7.00,Republican,11,1982638,1.08,92221,23.15,Democrat,11,1894105,1.04,45616,43.15,Democrat,11,2076181,1.04,80229,26.86,Republican,11,2437319,1.03,347898,7.19,Republican,11,2599749,1.03,-391741,-6.85,Republican,11,2458577,1.07,-501621,-5.26,Republican,11,2508027,1.11,652230,4.28,Republican,11,3053851,1.06,-708764,-4.57,Republican
TX,Texas,South,Confederate,,,,,,,,,,,,,,,,,,,,,,,,,,,,,,,,,,,,,,,,,,,,,,,,,,,,,,,,,,,,,,,4,15177,2.70,-6159,-6.44,Democrat,4,18547,2.37,8557,4.99,Democrat,4,46808,1.20,15530,3.53,Democrat,4,63004,1.01,-32110,-1.92,Democrat-Breckenridge,,,,,,,,,,,,,8,116594,1.21,-19078,-7.42,Democrat,8,149555,1.23,-59955,-3.04,Democrat,8,241726,0.83,-98535,-2.03,Democrat,13,325305,1.00,132168,2.47,Democrat,13,357513,1.03,-146461,-2.52,Republican,15,422145,0.97,139460,2.92,Democrat,15,544786,0.86,-202914,-2.31,Democrat,15,423706,1.11,-136791,-3.43,Democrat,18,234008,2.19,-115958,-4.41,Democrat,18,293757,1.89,-151636,-3.66,Democrat,20,305120,1.86,192736,2.94,Democrat,20,372467,1.87,221515,3.15,Democrat,20,486641,2.07,-174229,-5.79,Democrat,20,657509,1.67,-354582,-3.09,Democrat,20,708999,1.96,26004,53.31,Republican,23,863426,1.99,662389,2.60,Democrat,23,843482,2.34,630611,3.14,Democrat,23,1124531,1.92,697282,3.10,Democrat,23,1150331,1.81,630180,3.30,Democrat,23,1249577,1.69,520768,4.06,Democrat,24,2075946,1.34,133650,20.88,Republican,24,1955545,1.43,220661,12.70,Republican,24,2311084,1.33,46257,66.50,Democrat,25,2626811,1.25,704619,4.66,Democrat,25,3079406,1.10,-38960,-87.31,Democrat,26,3472714,1.08,1144605,3.28,Republican,26,4071884,0.97,129019,30.54,Democrat,26,4541637,0.92,629558,6.64,Republican,29,5397571,0.93,1484152,3.37,Republican,29,5427410,0.91,684081,7.22,Republican,32,6154018,1.01,-214256,-28.99,Republican,32,5611644,1.02,-276484,-20.71,Republican,32,6407637,0.98,1365893,4.59,Republican,34,7410765,1.04,1694213,4.56,Republican,34,8077795,1.03,-950695,-8.73,Republican,38,7993851,1.14,-1261719,-7.23,Republican,38,8969226,1.08,807179,11.96,Republican,38,11315056,0.99,-631221,-17.72,Republican
UT,Utah,West,Postbellum,,,,,,,,,,,,,,,,,,,,,,,,,,,,,,,,,,,,,,,,,,,,,,,,,,,,,,,,,,,,,,,,,,,,,,,,,,,,,,,,,,,,,,,,,,,,,,,,,,,,,,,,,,,,,,,,,,,,,,,,,,,,,,,,,,,,,,,3,78119,1.20,-51116,-1.83,Democrat,3,93189,1.01,2133,44.04,Republican,3,101672,0.84,29033,2.94,Republican,3,108613,0.85,18427,5.02,Republican,4,112386,1.01,-5521,-20.53,Republican,4,143146,0.98,30008,4.65,Democrat,4,145828,1.38,24916,8.09,Republican,4,156990,1.40,30326,7.23,Republican,4,176603,1.57,13633,20.34,Republican,4,206578,1.45,31955,9.37,Democrat,4,216677,1.59,85691,4.01,Democrat,4,247819,1.52,61126,6.15,Democrat,4,248319,1.46,52197,6.92,Democrat,4,276305,1.33,24749,14.85,Democrat,4,329554,1.41,58826,7.91,Republican,4,333995,1.40,97267,4.80,Republican,4,374709,1.37,36113,14.20,Republican,4,400310,1.31,38946,13.49,Democrat,4,422568,1.29,82063,6.63,Republican,4,478476,1.21,197359,2.93,Republican,4,541198,1.12,-155798,-3.89,Republican,4,604222,1.06,315421,2.04,Republican,5,629656,1.37,313736,2.74,Republican,5,647008,1.32,221099,3.85,Republican,5,743998,1.30,-119232,-8.14,Republican,5,665629,1.34,-140278,-6.38,Republican,5,770754,1.27,312043,3.14,Republican,5,927844,1.22,422543,2.69,Republican,5,952370,1.28,-268360,-4.55,Republican,6,1017440,1.41,-488787,-2.95,Republican,6,1131430,1.35,204555,7.45,Republican,6,1488289,1.19,-304858,-5.79,Republican
VT,Vermont,Northeast,Union,6,NoPop,,NoPop,,Democratic-Republican,6,NoPop,,NoPop,,Democratic-Republican,8,NoPop,,NoPop,,Democratic-Republican,8,NoPop,,NoPop,,Democratic-Republican,7,NoPop,,Democratic-Republican,7,NoPop,,Democratic-Republican-Adams,7,32833,0.99,-16013,-1.92,National Republican,7,32128,1.00,-5236,-5.93,Anti-Masonic,7,35031,1.06,-6957,-5.14,Whig-Harrison,7,50773,1.18,14436,3.98,Whig,6,48829,1.25,-8731,-6.76,Whig,6,47922,1.28,9295,6.40,Whig,5,43890,1.25,-9129,-5.85,Whig,5,50748,1.39,-28984,-2.36,Whig,5,44566,1.78,25159,3.07,Republican,5,55750,1.55,29098,2.97,Republican,5,56212,1.75,32122,3.03,Republican,5,52980,1.67,30554,2.89,Republican,5,64553,1.78,23837,4.79,Republican,5,65203,1.92,27251,4.58,Republican,4,59401,1.69,-22183,-4.52,Republican,4,65452,1.74,28404,4.00,Democrat,4,55796,1.95,-21667,-5.02,Republican,4,63847,1.95,40487,3.08,Republican,4,56212,2.23,29720,4.21,Republican,4,51888,2.19,30682,3.70,Republican,4,52680,2.34,28056,4.40,Republican,4,62841,1.80,-1200,-94.44,Republican,4,64475,2.17,-17542,-7.96,Republican,4,89961,2.24,47293,4.26,Republican,4,102917,2.13,64374,3.40,Republican,4,135191,2.05,45964,6.03,Republican,3,136980,1.64,-22718,-9.89,Republican,3,143689,1.79,-18899,-13.65,Republican,3,143062,1.97,-14102,-19.99,Republican,3,125361,2.16,-17707,-15.31,Republican,3,123382,2.23,-30369,-9.08,Republican,3,153557,2.27,66362,5.26,Republican,3,152978,2.29,67841,5.17,Republican,3,167324,2.30,28945,13.29,Republican,3,163089,2.42,53185,7.41,Democrat,3,161404,2.53,14887,27.42,Republican,3,186947,2.32,48975,8.85,Republican,3,187855,2.42,-21041,-21.61,Republican,3,213207,2.26,12707,37.96,Republican,3,234561,2.20,40135,12.87,Republican,3,243333,2.10,8556,59.70,Republican,3,289701,2.01,45470,12.81,Democrat,3,258449,2.08,57542,9.33,Democrat,3,294308,2.00,-29247,-20.10,Democrat,3,312309,2.18,-62887,-10.84,Democrat,3,325046,2.25,120288,6.09,Democrat,3,299290,2.41,106541,6.76,Democrat,3,315067,2.42,-83204,-9.16,Democrat,3,367428,2.40,130116,6.79,Democrat
VA,Virginia,South,Confederate,24,13001,2.16,12851,2.19,Democratic-Republican,24,19949,2.24,12178,3.66,Democratic-Republican,25,20711,2.83,12178,4.81,Democratic-Republican,25,6863,3.50,6855,3.51,Democratic-Republican,25,4320,3.81,Democratic-Republican,24,15371,3.01,Democratic-Republican-Crawford,24,38924,2.87,14784,7.14,Democrat,23,45682,2.32,22807,4.47,Democrat,23,53945,2.26,7172,16.39,Democrat,23,86394,2.27,-1120,-168.53,Democrat,17,95539,1.81,5819,28.72,Democrat,17,92004,1.89,-1474,-114.41,Democrat,15,132604,1.24,15140,10.58,Democrat,15,150223,1.40,29933,6.86,Democrat,15,166891,1.43,-156,-1485.57,Constitutional Union,,,,,,,,,,,,,11,185195,1.05,1816,107.11,Republican,11,236288,1.07,-45252,-5.55,Democrat,11,211616,1.30,-44550,-6.17,Democrat,12,284977,1.06,6135,49.07,Democrat,12,304087,1.12,-1605,-212.34,Republican,12,292238,1.12,51038,6.39,Democrat,12,294674,1.27,-19329,-19.36,Democrat,12,264208,1.42,-30310,-12.40,Democrat,12,130410,2.61,-32469,-10.50,Democrat,12,137065,2.70,-30374,-12.18,Democrat,12,136975,2.48,67044,5.07,Democrat,12,152025,2.76,53456,7.84,Democrat,12,231033,2.62,-54214,-11.16,Democrat,12,223602,2.94,-66404,-9.90,Democrat,12,305358,2.72,24463,34.00,Republican,11,297942,2.76,114342,7.20,Democrat,11,334590,2.83,136644,6.92,Democrat,11,346607,2.98,126598,8.17,Democrat,11,388485,2.56,97033,10.24,Democrat,11,419256,2.41,28716,35.20,Democrat,12,619689,2.25,80360,17.37,Republican,12,697978,2.01,118699,11.81,Republican,12,771449,1.99,42194,36.45,Republican,12,1042267,1.51,76704,20.54,Democrat,12,1361491,1.20,147932,11.04,Republican,12,1457019,1.19,549606,3.16,Republican,12,1697094,1.07,-22658,-80.26,Republican,12,1866032,1.03,237435,8.13,Republican,12,2146635,0.96,540828,3.82,Republican,12,2191609,0.93,449363,4.55,Republican,13,2558665,0.99,-111867,-22.56,Republican,13,2416642,0.96,-47290,-49.19,Republican,13,2739447,0.93,220200,11.57,Republican,13,3198367,0.92,262217,11.27,Republican,13,3723260,0.85,234527,13.53,Democrat,13,3854489,0.81,149298,20.89,Democrat,13,3984631,0.83,-212030,-15.58,Democrat,13,4460524,0.86,451138,8.48,Democrat
WA,Washington,West,Postbellum,,,,,,,,,,,,,,,,,,,,,,,,,,,,,,,,,,,,,,,,,,,,,,,,,,,,,,,,,,,,,,,,,,,,,,,,,,,,,,,,,,,,,,,,,,,,,,,,,,,,,,,,,,,,,,,,,,,,,,,,,,,,,,,,,4,87969,1.24,-6658,-16.33,Republican,4,93583,1.33,-14161,-8.81,Democrat,4,107524,1.16,12623,9.92,Republican,5,145151,0.98,73442,1.93,Republican,5,183879,0.84,47371,3.25,Republican,7,322799,0.61,-26858,-7.38,Progressive,7,380994,0.64,16180,15.10,Democrat,7,398715,0.88,138839,2.54,Republican,7,421549,0.91,69497,5.52,Republican,7,500840,0.97,179072,2.71,Republican,8,614814,0.97,144615,4.14,Democrat,8,692338,0.99,252687,2.72,Democrat,8,793833,0.95,140022,5.37,Democrat,8,856328,0.84,125085,5.78,Democrat,8,905059,0.81,89850,8.18,Democrat,9,1102708,0.95,106262,9.85,Republican,9,1150889,0.91,97428,10.79,Republican,9,1241572,0.93,29975,38.49,Republican,9,1258556,0.94,309515,3.82,Democrat,9,1304281,0.94,-27527,-44.48,Democrat,9,1470847,0.88,268801,4.84,Republican,9,1555534,0.88,-60409,-22.58,Republican,9,1742394,0.83,215051,6.73,Republican,10,1883910,0.91,244318,7.05,Republican,10,1865253,0.91,-29681,-57.36,Democrat,11,2287565,0.93,261803,8.16,Democrat,11,2253837,0.87,282611,6.97,Democrat,11,2487433,0.87,-138788,-15.53,Democrat,11,2859084,0.87,-205307,-12.18,Democrat,11,3036878,0.88,521632,5.15,Democrat,12,3125516,0.92,464726,6.20,Democrat,12,3317019,0.92,-520971,-5.85,Democrat,12,4087631,0.86,784961,4.50,Democrat
WV,West Virginia,South,Border,,,,,,,,,,,,,,,,,,,,,,,,,,,,,,,,,,,,,,,,,,,,,,,,,,,,,,,,,,,,,,,,,,,,,,,,,,,,,,,,,,,,,,,5,34877,2.48,12721,6.80,Republican,5,49321,1.99,8709,11.17,Republican,5,62467,1.42,2788,31.71,Republican,5,99647,1.15,-14549,-7.84,Democrat,5,112713,1.11,-11148,-11.21,Democrat,6,132145,1.14,4215,35.71,Democrat,6,159440,1.07,-506,-336.77,Republican,6,171079,0.95,4175,39.06,Democrat,6,201757,0.93,10899,17.17,Republican,6,220796,0.85,21022,8.94,Republican,7,239986,0.83,31765,6.26,Republican,7,258105,0.84,26451,8.16,Republican,8,268828,0.84,34085,6.65,Democrat,8,289852,0.96,-2721,-102.64,Republican,8,509942,0.79,61218,6.59,Republican,8,583662,0.75,31403,13.96,Republican,8,642752,0.86,111767,4.96,Republican,8,743774,0.81,74393,8.05,Democrat,8,829945,0.83,177224,3.88,Democrat,8,868076,0.87,123248,6.10,Democrat,8,715596,1.01,69958,10.33,Democrat,8,748750,0.98,112937,6.51,Democrat,8,873548,1.07,-33608,-27.68,Democrat,8,830831,1.12,67763,13.79,Republican,8,837781,1.22,45791,22.39,Democrat,7,792040,1.16,284134,3.23,Democrat,7,754206,1.26,-66536,-14.31,Democrat,6,762399,1.14,207529,4.18,Republican,6,750674,1.21,121154,7.51,Democrat,6,737715,1.31,-33256,-29.01,Democrat,6,735742,1.40,77358,13.36,Republican,6,653311,1.56,-30951,-33.00,Democrat,5,683677,1.42,89027,10.90,Democrat,5,636459,1.41,93866,9.53,Democrat,5,648124,1.51,40978,23.91,Republican,5,755887,1.50,97237,11.69,Republican,5,713451,1.71,-93609,-13.04,Republican,5,670438,1.79,-179386,-6.69,Republican,5,714423,1.78,300577,4.23,Republican,5,794731,1.85,-309398,-4.76,Republican
WI,Wisconsin,Midwest,Union,,,,,,,,,,,,,,,,,,,,,,,,,,,,,,,,,,,,,,,,,,,,,,,,,,,,,,,,,,,,,,,4,39166,1.05,-1254,-31.64,Democrat,5,64682,0.85,11448,4.66,Democrat,5,119512,0.59,-13247,-5.17,Whig,5,152179,0.52,21092,3.66,Republican,8,149342,0.93,17574,7.88,Republican,8,193603,0.81,24197,6.44,Republican,10,192305,0.92,18517,9.55,Republican,10,257177,0.89,6141,37.15,Republican,10,267195,0.94,29751,8.40,Republican,11,319835,0.86,-14682,-18.80,Republican,11,354614,0.88,21321,14.65,Democrat,12,371581,0.88,6224,52.40,Democrat,12,447409,0.84,102612,3.65,Republican,12,442501,0.85,106597,3.53,Republican,13,443441,0.83,156110,2.37,Republican,13,454441,0.88,81085,4.94,Republican,13,399966,0.92,33634,10.95,Democrat,13,447134,1.01,-29459,-15.40,Republican,13,701280,0.93,385154,1.70,Republican,13,840826,0.85,-142064,-5.01,Progressive,13,1016831,0.89,93946,9.59,Republican,12,1114808,0.81,359669,2.50,Democrat,12,1258560,0.82,422156,2.44,Democrat,12,1405522,0.80,25615,44.03,Democrat,12,1339152,0.81,-24119,-44.95,Republican,12,1276800,0.86,56351,19.57,Democrat,12,1607370,0.87,357569,3.90,Republican,12,1550558,0.90,368076,3.81,Republican,12,1729082,0.89,64370,23.90,Republican,12,1691815,0.93,411929,3.82,Democrat,12,1691538,0.97,61193,26.68,Republican,11,1852890,0.86,179256,8.87,Republican,11,2101336,0.79,35245,47.30,Democrat,11,2273221,0.78,107261,16.49,Republican,11,2212016,0.86,202953,9.33,Republican,11,2191608,0.85,-79295,-23.62,Democrat,11,2531114,0.84,110211,19.37,Democrat,11,2196169,0.90,226942,8.67,Democrat,11,2598607,0.83,-5708,-377.56,Democrat,10,2997007,0.76,-11384,-199.68,Democrat,10,2983417,0.82,414818,5.88,Democrat,10,3068434,0.78,213019,11.26,Democrat,10,2976150,0.85,22748,111.67,Republican,10,3298041,0.89,20682,142.34,Democrat
WY,Wyoming,West,Postbellum,,,,,,,,,,,,,,,,,,,,,,,,,,,,,,,,,,,,,,,,,,,,,,,,,,,,,,,,,,,,,,,,,,,,,,,,,,,,,,,,,,,,,,,,,,,,,,,,,,,,,,,,,,,,,,,,,,,,,,,,,,,,,,,,,3,16735,4.87,-732,-111.39,Republican,3,21092,4.44,-789,-118.57,Democrat,3,24687,3.81,4318,21.76,Republican,3,30708,2.78,11559,7.37,Republican,3,37609,2.46,5928,15.60,Republican,3,42296,2.01,750,113.33,Democrat,3,51840,2.02,6618,15.82,Democrat,3,54700,2.76,17662,8.56,Republican,3,79900,2.06,16684,9.85,Republican,3,82835,2.51,23449,8.87,Republican,3,96962,2.32,14787,15.19,Democrat,3,103382,2.49,23885,10.80,Democrat,3,112240,2.51,6654,42.37,Democrat,3,101340,2.67,-2502,-108.34,Republican,3,101425,2.72,4407,62.55,Democrat,3,129251,2.70,33113,10.54,Republican,3,124127,2.82,25019,14.01,Republican,3,140782,2.73,14120,27.23,Republican,3,142716,2.76,18720,21.04,Democrat,3,127205,3.21,25754,15.85,Republican,3,145570,2.98,56106,7.73,Republican,3,156343,2.91,-30478,-14.92,Republican,3,176713,2.73,61273,7.87,Republican,3,188968,2.73,79871,6.47,Republican,3,176551,2.89,39754,12.85,Republican,3,199884,2.91,-11187,-52.05,Republican,3,211571,2.54,-27454,-19.55,Republican,3,218351,2.69,87466,6.72,Republican,3,243428,2.80,96853,7.04,Republican,3,254658,2.88,-82090,-8.92,Republican,3,249061,2.89,-101676,-7.08,Republican,3,255849,2.98,118446,6.43,Republican,3,276765,3.19,-120068,-7.36,Republican
US,United States,,,123,144080,1171.38,,,Democratic-Republican,175,191459,1858.83,,,Democratic-Republican,217,267028,2342.35,,,Democratic-Republican,217,111489,961.11,,,Democratic-Republican,170,106698,658.63,Democratic-Republican,261,365928,1925.94,Democratic-Republican-Adams,261,1148018,4647.85,141656,8.10,Democrat,277,1276659,4608.88,228628,5.58,Democrat,283,1502811,5310.29,213384,7.04,Democrat,283,2412694,8525.42,145938,16.53,Whig,266,2703864,10164.90,39413,68.60,Democrat,281,2876818,10237.79,125763,22.87,Whig,288,3159640,10970.97,218520,14.46,Democrat,288,4051605,14068.07,494472,8.19,Democrat,295,4681335,15868.93,333966,14.02,Republican,233,4031887,17304.24,405581,9.94,Republican,291,5722440,19664.74,304810,18.77,Republican,366,6471983,17683.01,763729,8.47,Republican,366,8418659,23001.80,-252666,-33.32,Republican,369,9219477,24985.03,9457,974.88,Republican,401,10060145,25087.64,57579,174.72,Democrat,401,11388846,28401.11,-94530,-120.48,Republican,444,12068027,27180.24,363099,33.24,Democrat,447,13938674,31182.72,601331,23.18,Republican,447,13997429,31314.16,857932,16.32,Republican,476,13525095,28414.07,2546677,5.31,Republican,483,14889239,30826.58,1269356,11.73,Republican,531,15044278,28331.97,2173563,6.92,Democrat,531,18536585,34908.82,578140,32.06,Democrat,531,26765180,50405.24,7004432,3.82,Republican,531,29097107,54796.81,7337547,3.97,Republican,531,36807012,69316.41,6411659,5.74,Republican,531,39751898,74862.33,7060023,5.63,Democrat,531,45647699,85965.53,11070786,4.12,Democrat,531,49902113,93977.61,4966201,10.05,Democrat,531,47977063,90352.28,3594987,13.35,Democrat,531,48793535,91889.90,2188055,22.30,Democrat,531,61751942,116293.68,6700439,9.22,Republican,531,62021328,116800.99,9551152,6.49,Republican,537,68832482,128179.67,112827,610.07,Democrat,538,70639284,131299.78,15951287,4.43,Democrat,538,73199998,136059.48,511944,142.98,Republican,538,77744027,144505.63,17995488,4.32,Republican,538,81531584,151545.70,1683247,48.44,Democrat,538,86509678,160798.66,8423115,10.27,Republican,538,92653233,172217.91,16878120,5.49,Republican,538,91594686,170250.35,7077121,12.94,Republican,538,104423923,194096.51,5805256,17.99,Democrat,538,96275401,178950.56,8201370,11.74,Democrat,538,105405100,195920.26,543895,193.80,Republican,538,122294846,227313.84,3012166,40.60,Republican,538,131313820,244077.73,9550193,13.75,Democrat,538,129085410,239935.71,4982291,25.91,Democrat,538,136669276,254032.11,-2868686,-47.64,Republican,538,158381538,294389.48,7052120,22.46,Democrat